,timestamp,address,symbol,price,returns
0,2022-05-11,0x537edd52ebcb9f48ff2f8a28c51fcdb9d6a6e0d4,SDOG,1.2477759e-07,0.0
1,2022-03-17,0x537edd52ebcb9f48ff2f8a28c51fcdb9d6a6e0d4,SDOG,1.6466255e-07,0.2773653557038119
2,2022-03-14,0x537edd52ebcb9f48ff2f8a28c51fcdb9d6a6e0d4,SDOG,1.5141009e-07,-0.08390624477468121
3,2022-03-09,0x537edd52ebcb9f48ff2f8a28c51fcdb9d6a6e0d4,SDOG,1.5493175e-07,0.022992713935520933
4,2022-03-08,0x537edd52ebcb9f48ff2f8a28c51fcdb9d6a6e0d4,SDOG,1.9038247e-07,0.20605035142274575
5,2022-03-06,0x537edd52ebcb9f48ff2f8a28c51fcdb9d6a6e0d4,SDOG,1.9731574e-07,0.035770138045017996
6,2022-03-05,0x537edd52ebcb9f48ff2f8a28c51fcdb9d6a6e0d4,SDOG,1.9600151e-07,-0.006682823553437598
7,2022-03-04,0x537edd52ebcb9f48ff2f8a28c51fcdb9d6a6e0d4,SDOG,2.1245988e-07,0.08063080725703425
8,2022-03-03,0x537edd52ebcb9f48ff2f8a28c51fcdb9d6a6e0d4,SDOG,2.1990354e-07,0.034435825118099055
9,2022-03-01,0x537edd52ebcb9f48ff2f8a28c51fcdb9d6a6e0d4,SDOG,2.1612703e-07,-0.017322658985713186
10,2022-02-26,0x537edd52ebcb9f48ff2f8a28c51fcdb9d6a6e0d4,SDOG,1.965808e-07,-0.09479279395170259
11,2022-02-24,0x537edd52ebcb9f48ff2f8a28c51fcdb9d6a6e0d4,SDOG,1.8686147e-07,-0.05070600253413637
12,2022-02-23,0x537edd52ebcb9f48ff2f8a28c51fcdb9d6a6e0d4,SDOG,1.9168601e-07,0.025491128590060134
13,2022-02-21,0x537edd52ebcb9f48ff2f8a28c51fcdb9d6a6e0d4,SDOG,2.3108404e-07,0.1869227851068498
14,2022-02-19,0x537edd52ebcb9f48ff2f8a28c51fcdb9d6a6e0d4,SDOG,2.4044098e-07,0.03969320014061184
15,2022-02-18,0x537edd52ebcb9f48ff2f8a28c51fcdb9d6a6e0d4,SDOG,2.4337794e-07,0.012140889719089467
16,2022-02-17,0x537edd52ebcb9f48ff2f8a28c51fcdb9d6a6e0d4,SDOG,2.6437968e-07,0.08277070802885499
17,2022-02-16,0x537edd52ebcb9f48ff2f8a28c51fcdb9d6a6e0d4,SDOG,2.228716e-07,-0.17079043089246387
18,2022-02-15,0x537edd52ebcb9f48ff2f8a28c51fcdb9d6a6e0d4,SDOG,2.5580744e-07,0.1378291530655485
19,2022-02-14,0x537edd52ebcb9f48ff2f8a28c51fcdb9d6a6e0d4,SDOG,2.53487e-07,-0.009112434279619322
20,2022-02-13,0x537edd52ebcb9f48ff2f8a28c51fcdb9d6a6e0d4,SDOG,2.5352844e-07,0.00016346642260943534
21,2022-02-12,0x537edd52ebcb9f48ff2f8a28c51fcdb9d6a6e0d4,SDOG,2.5467233e-07,0.004501732383444774
22,2022-02-11,0x537edd52ebcb9f48ff2f8a28c51fcdb9d6a6e0d4,SDOG,2.6176883e-07,0.027484047565099288
23,2022-02-10,0x537edd52ebcb9f48ff2f8a28c51fcdb9d6a6e0d4,SDOG,3.106872e-07,0.17132483221780245
24,2022-02-09,0x537edd52ebcb9f48ff2f8a28c51fcdb9d6a6e0d4,SDOG,3.0929115e-07,-0.004503551969368311
25,2022-02-08,0x537edd52ebcb9f48ff2f8a28c51fcdb9d6a6e0d4,SDOG,2.6346558e-07,-0.16036033302145838
26,2022-02-06,0x537edd52ebcb9f48ff2f8a28c51fcdb9d6a6e0d4,SDOG,2.9045583e-07,0.09752878327558098
27,2022-02-05,0x537edd52ebcb9f48ff2f8a28c51fcdb9d6a6e0d4,SDOG,2.5004303e-07,-0.14981849348739765
28,2022-02-04,0x537edd52ebcb9f48ff2f8a28c51fcdb9d6a6e0d4,SDOG,2.2260811e-07,-0.11622015180973073
29,2022-02-03,0x537edd52ebcb9f48ff2f8a28c51fcdb9d6a6e0d4,SDOG,2.2200591e-07,-0.002708868102016127
30,2022-02-02,0x537edd52ebcb9f48ff2f8a28c51fcdb9d6a6e0d4,SDOG,2.7184987e-07,0.20254596224737098
31,2022-02-01,0x537edd52ebcb9f48ff2f8a28c51fcdb9d6a6e0d4,SDOG,2.313332e-07,-0.16139086991727022
32,2022-01-31,0x537edd52ebcb9f48ff2f8a28c51fcdb9d6a6e0d4,SDOG,2.2789891e-07,-0.014956942028925132
33,2022-01-30,0x537edd52ebcb9f48ff2f8a28c51fcdb9d6a6e0d4,SDOG,2.2939308e-07,0.006534885150029949
34,2022-01-29,0x537edd52ebcb9f48ff2f8a28c51fcdb9d6a6e0d4,SDOG,2.2711546e-07,-0.009978516058731922
35,2022-01-26,0x537edd52ebcb9f48ff2f8a28c51fcdb9d6a6e0d4,SDOG,2.2193358e-07,-0.023080374614949974
36,2022-01-25,0x537edd52ebcb9f48ff2f8a28c51fcdb9d6a6e0d4,SDOG,2.2064404e-07,-0.005827423669883368
37,2022-01-24,0x537edd52ebcb9f48ff2f8a28c51fcdb9d6a6e0d4,SDOG,2.1783846e-07,-0.01279694531541681
38,2022-01-23,0x537edd52ebcb9f48ff2f8a28c51fcdb9d6a6e0d4,SDOG,2.1108261e-07,-0.03150420549065165
39,2022-01-20,0x537edd52ebcb9f48ff2f8a28c51fcdb9d6a6e0d4,SDOG,2.504973e-07,0.1711985685825942
40,2022-01-19,0x537edd52ebcb9f48ff2f8a28c51fcdb9d6a6e0d4,SDOG,2.5437274e-07,0.015352529612789323
41,2022-01-18,0x537edd52ebcb9f48ff2f8a28c51fcdb9d6a6e0d4,SDOG,2.5379003e-07,-0.002293400027734573
42,2022-01-16,0x537edd52ebcb9f48ff2f8a28c51fcdb9d6a6e0d4,SDOG,2.593599e-07,0.021709400814052468
43,2022-01-15,0x537edd52ebcb9f48ff2f8a28c51fcdb9d6a6e0d4,SDOG,2.5872512e-07,-0.002450487055767351
44,2022-01-14,0x537edd52ebcb9f48ff2f8a28c51fcdb9d6a6e0d4,SDOG,2.5565046e-07,-0.01195506450764016
45,2022-01-13,0x537edd52ebcb9f48ff2f8a28c51fcdb9d6a6e0d4,SDOG,2.6389128e-07,0.03172607928468478
46,2022-01-10,0x537edd52ebcb9f48ff2f8a28c51fcdb9d6a6e0d4,SDOG,2.5117416e-07,-0.049390637083192045
47,2022-01-09,0x537edd52ebcb9f48ff2f8a28c51fcdb9d6a6e0d4,SDOG,2.5053998e-07,-0.002528054472440366
48,2022-01-08,0x537edd52ebcb9f48ff2f8a28c51fcdb9d6a6e0d4,SDOG,2.4916318e-07,-0.005510485400682519
49,2022-01-07,0x537edd52ebcb9f48ff2f8a28c51fcdb9d6a6e0d4,SDOG,3.4573165e-07,0.32755487291901125
50,2022-01-05,0x537edd52ebcb9f48ff2f8a28c51fcdb9d6a6e0d4,SDOG,3.6750419e-07,0.061071823841641705
51,2022-01-02,0x537edd52ebcb9f48ff2f8a28c51fcdb9d6a6e0d4,SDOG,3.825286e-07,0.04006870176475008
52,2022-01-01,0x537edd52ebcb9f48ff2f8a28c51fcdb9d6a6e0d4,SDOG,3.7055722e-07,-0.03179554895565088
53,2021-12-31,0x537edd52ebcb9f48ff2f8a28c51fcdb9d6a6e0d4,SDOG,3.7753495e-07,0.018655274427475395
54,2021-12-30,0x537edd52ebcb9f48ff2f8a28c51fcdb9d6a6e0d4,SDOG,3.7205598e-07,-0.014618820362462757
55,2021-12-29,0x537edd52ebcb9f48ff2f8a28c51fcdb9d6a6e0d4,SDOG,4.2952635e-07,0.14363876312734905
56,2021-12-28,0x537edd52ebcb9f48ff2f8a28c51fcdb9d6a6e0d4,SDOG,4.0619253e-07,-0.05585583092840126
57,2021-12-27,0x537edd52ebcb9f48ff2f8a28c51fcdb9d6a6e0d4,SDOG,4.5767575e-07,0.11933370493166609
58,2021-12-26,0x537edd52ebcb9f48ff2f8a28c51fcdb9d6a6e0d4,SDOG,4.5597142e-07,-0.0037308318415640186
59,2021-12-25,0x537edd52ebcb9f48ff2f8a28c51fcdb9d6a6e0d4,SDOG,4.579985e-07,0.004435776888049275
60,2021-12-24,0x537edd52ebcb9f48ff2f8a28c51fcdb9d6a6e0d4,SDOG,4.5810555e-07,0.00023370707833305295
61,2021-12-23,0x537edd52ebcb9f48ff2f8a28c51fcdb9d6a6e0d4,SDOG,4.3880306e-07,-0.04304891413695827
62,2021-12-17,0x537edd52ebcb9f48ff2f8a28c51fcdb9d6a6e0d4,SDOG,4.292508e-07,-0.022009338449394674
63,2021-12-16,0x537edd52ebcb9f48ff2f8a28c51fcdb9d6a6e0d4,SDOG,4.404318e-07,0.02571424583455604
64,2021-12-13,0x537edd52ebcb9f48ff2f8a28c51fcdb9d6a6e0d4,SDOG,4.5045974e-07,0.02251309635911446
65,2021-12-12,0x537edd52ebcb9f48ff2f8a28c51fcdb9d6a6e0d4,SDOG,4.4318074e-07,-0.016291027875197022
66,2021-12-11,0x537edd52ebcb9f48ff2f8a28c51fcdb9d6a6e0d4,SDOG,4.2573208e-07,-0.04016744958178944
67,2021-12-10,0x537edd52ebcb9f48ff2f8a28c51fcdb9d6a6e0d4,SDOG,4.788587e-07,0.11759533610303405
68,2021-12-08,0x537edd52ebcb9f48ff2f8a28c51fcdb9d6a6e0d4,SDOG,4.55829e-07,-0.049287825147046375
69,2021-12-06,0x537edd52ebcb9f48ff2f8a28c51fcdb9d6a6e0d4,SDOG,4.926847e-07,0.07775167650410994
70,2021-12-05,0x537edd52ebcb9f48ff2f8a28c51fcdb9d6a6e0d4,SDOG,4.916199e-07,-0.0021635587507354464
71,2021-12-04,0x537edd52ebcb9f48ff2f8a28c51fcdb9d6a6e0d4,SDOG,5.378597e-07,0.08989188854577053
72,2021-12-03,0x537edd52ebcb9f48ff2f8a28c51fcdb9d6a6e0d4,SDOG,5.650827e-07,0.049374346633119646
73,2021-12-02,0x537edd52ebcb9f48ff2f8a28c51fcdb9d6a6e0d4,SDOG,6.288631e-07,0.10694149383649107
74,2021-12-01,0x537edd52ebcb9f48ff2f8a28c51fcdb9d6a6e0d4,SDOG,6.841354e-07,0.08424226529571345
75,2021-11-30,0x537edd52ebcb9f48ff2f8a28c51fcdb9d6a6e0d4,SDOG,6.3633655e-07,-0.0724282612012915
76,2021-11-29,0x537edd52ebcb9f48ff2f8a28c51fcdb9d6a6e0d4,SDOG,5.1513894e-07,-0.21129093936178625
77,2021-11-28,0x537edd52ebcb9f48ff2f8a28c51fcdb9d6a6e0d4,SDOG,5.4533405e-07,0.05696189198895397
78,2021-11-27,0x537edd52ebcb9f48ff2f8a28c51fcdb9d6a6e0d4,SDOG,6.4593354e-07,0.16929807655855417
79,2021-11-25,0x537edd52ebcb9f48ff2f8a28c51fcdb9d6a6e0d4,SDOG,4.0038728e-07,-0.4782643405285259
80,2021-11-24,0x537edd52ebcb9f48ff2f8a28c51fcdb9d6a6e0d4,SDOG,4.0424155e-07,0.009580316627453947
81,2021-11-23,0x537edd52ebcb9f48ff2f8a28c51fcdb9d6a6e0d4,SDOG,4.5109485e-07,0.10966503247969774
82,2021-11-20,0x537edd52ebcb9f48ff2f8a28c51fcdb9d6a6e0d4,SDOG,4.6767403e-07,0.036093908331076584
83,2021-11-19,0x537edd52ebcb9f48ff2f8a28c51fcdb9d6a6e0d4,SDOG,5.1288595e-07,0.09228196462307059
84,2021-11-18,0x537edd52ebcb9f48ff2f8a28c51fcdb9d6a6e0d4,SDOG,4.8482923e-07,-0.05625677492412393
85,2021-11-17,0x537edd52ebcb9f48ff2f8a28c51fcdb9d6a6e0d4,SDOG,7.2538273e-07,0.4029026931690939
86,2021-11-16,0x537edd52ebcb9f48ff2f8a28c51fcdb9d6a6e0d4,SDOG,7.0327224e-07,-0.030955347540954803
87,2021-11-15,0x537edd52ebcb9f48ff2f8a28c51fcdb9d6a6e0d4,SDOG,8.5343675e-07,0.1935273613986731
88,2021-11-13,0x537edd52ebcb9f48ff2f8a28c51fcdb9d6a6e0d4,SDOG,8.3761665e-07,-0.018710895286409762
89,2021-11-12,0x537edd52ebcb9f48ff2f8a28c51fcdb9d6a6e0d4,SDOG,8.4507343e-07,0.008862985407669655
90,2021-11-11,0x537edd52ebcb9f48ff2f8a28c51fcdb9d6a6e0d4,SDOG,7.8073265e-07,-0.07919074929587465
91,2021-11-10,0x537edd52ebcb9f48ff2f8a28c51fcdb9d6a6e0d4,SDOG,8.728899e-07,0.11157665735366863
92,2021-11-09,0x537edd52ebcb9f48ff2f8a28c51fcdb9d6a6e0d4,SDOG,9.4663824e-07,0.08110758281955639
93,2021-11-08,0x537edd52ebcb9f48ff2f8a28c51fcdb9d6a6e0d4,SDOG,6.946856e-07,-0.3094576447552331
94,2021-11-07,0x537edd52ebcb9f48ff2f8a28c51fcdb9d6a6e0d4,SDOG,6.166136e-07,-0.11921679746469604
95,2021-11-05,0x537edd52ebcb9f48ff2f8a28c51fcdb9d6a6e0d4,SDOG,6.776192e-07,0.09434290659012587
96,2021-11-04,0x537edd52ebcb9f48ff2f8a28c51fcdb9d6a6e0d4,SDOG,5.681785e-07,-0.17614984832244635
97,2021-11-03,0x537edd52ebcb9f48ff2f8a28c51fcdb9d6a6e0d4,SDOG,8.2221374e-07,0.36956475567158936
98,2021-11-02,0x537edd52ebcb9f48ff2f8a28c51fcdb9d6a6e0d4,SDOG,7.9458385e-07,-0.034181867104332596
99,2021-11-01,0x537edd52ebcb9f48ff2f8a28c51fcdb9d6a6e0d4,SDOG,3.688312e-07,-0.7674794316796282
100,2021-10-31,0x537edd52ebcb9f48ff2f8a28c51fcdb9d6a6e0d4,SDOG,3.7102353e-07,0.005926396974210863
101,2021-10-30,0x537edd52ebcb9f48ff2f8a28c51fcdb9d6a6e0d4,SDOG,3.7369918e-07,0.007185658438686201
102,2021-10-28,0x537edd52ebcb9f48ff2f8a28c51fcdb9d6a6e0d4,SDOG,3.51846e-07,-0.0602575623484998
103,2021-10-20,0x537edd52ebcb9f48ff2f8a28c51fcdb9d6a6e0d4,SDOG,2.580706e-07,-0.30996038896810885
104,2021-10-19,0x537edd52ebcb9f48ff2f8a28c51fcdb9d6a6e0d4,SDOG,1.2403595e-07,-0.7326617479575602
105,2021-10-18,0x537edd52ebcb9f48ff2f8a28c51fcdb9d6a6e0d4,SDOG,4.3108642e-07,1.2457371375036708
106,2021-10-17,0x537edd52ebcb9f48ff2f8a28c51fcdb9d6a6e0d4,SDOG,4.2815947e-07,-0.006812860801016085
107,2021-10-16,0x537edd52ebcb9f48ff2f8a28c51fcdb9d6a6e0d4,SDOG,4.3266317e-07,0.01046380725513497
108,2021-10-15,0x537edd52ebcb9f48ff2f8a28c51fcdb9d6a6e0d4,SDOG,3.447146e-07,-0.22724269860172822
109,2021-10-14,0x537edd52ebcb9f48ff2f8a28c51fcdb9d6a6e0d4,SDOG,3.449279e-07,0.0006185813861572826
110,2021-10-12,0x537edd52ebcb9f48ff2f8a28c51fcdb9d6a6e0d4,SDOG,3.4543507e-07,0.0014692853275134995
111,2021-10-11,0x537edd52ebcb9f48ff2f8a28c51fcdb9d6a6e0d4,SDOG,3.2827123e-07,-0.0509645076058448
112,2021-10-10,0x537edd52ebcb9f48ff2f8a28c51fcdb9d6a6e0d4,SDOG,3.3075275e-07,0.00753092999211812
113,2021-10-09,0x537edd52ebcb9f48ff2f8a28c51fcdb9d6a6e0d4,SDOG,3.240656e-07,-0.020425152963363617
114,2021-10-08,0x537edd52ebcb9f48ff2f8a28c51fcdb9d6a6e0d4,SDOG,3.2336757e-07,-0.0021563006123557467
115,2021-09-15,0x537edd52ebcb9f48ff2f8a28c51fcdb9d6a6e0d4,SDOG,2.828126e-07,-0.13400517633632392
116,2021-09-13,0x537edd52ebcb9f48ff2f8a28c51fcdb9d6a6e0d4,SDOG,2.7717132e-07,-0.020148688725744393
117,2021-09-12,0x537edd52ebcb9f48ff2f8a28c51fcdb9d6a6e0d4,SDOG,2.7117892e-07,-0.021856974327952493
118,2021-09-11,0x537edd52ebcb9f48ff2f8a28c51fcdb9d6a6e0d4,SDOG,2.6881563e-07,-0.008753070151712896
119,2021-09-09,0x537edd52ebcb9f48ff2f8a28c51fcdb9d6a6e0d4,SDOG,2.7651015e-07,0.028221774869462035
120,2021-09-08,0x537edd52ebcb9f48ff2f8a28c51fcdb9d6a6e0d4,SDOG,2.8197098e-07,0.019556628691928802
121,2021-09-07,0x537edd52ebcb9f48ff2f8a28c51fcdb9d6a6e0d4,SDOG,3.1643881e-07,0.1153257317182756
122,2021-09-03,0x537edd52ebcb9f48ff2f8a28c51fcdb9d6a6e0d4,SDOG,3.453715e-07,0.08749075972021857
123,2021-09-01,0x537edd52ebcb9f48ff2f8a28c51fcdb9d6a6e0d4,SDOG,3.3134796e-07,-0.04145158739649454
124,2021-08-31,0x537edd52ebcb9f48ff2f8a28c51fcdb9d6a6e0d4,SDOG,3.2986978e-07,-0.004471091360863159
125,2021-08-28,0x537edd52ebcb9f48ff2f8a28c51fcdb9d6a6e0d4,SDOG,3.4358172e-07,0.04072701677542218
126,2021-08-27,0x537edd52ebcb9f48ff2f8a28c51fcdb9d6a6e0d4,SDOG,3.3060348e-07,-0.038505275650570624
127,2021-08-26,0x537edd52ebcb9f48ff2f8a28c51fcdb9d6a6e0d4,SDOG,3.430189e-07,0.036865836041382626
128,2021-08-25,0x537edd52ebcb9f48ff2f8a28c51fcdb9d6a6e0d4,SDOG,3.3558428e-07,-0.021912415670689654
129,2021-08-23,0x537edd52ebcb9f48ff2f8a28c51fcdb9d6a6e0d4,SDOG,3.447538e-07,0.0269574070747172
130,2021-08-20,0x537edd52ebcb9f48ff2f8a28c51fcdb9d6a6e0d4,SDOG,3.739603e-07,0.08131910295490807
131,2021-08-19,0x537edd52ebcb9f48ff2f8a28c51fcdb9d6a6e0d4,SDOG,3.6012372e-07,-0.03770200297067024
132,2021-08-18,0x537edd52ebcb9f48ff2f8a28c51fcdb9d6a6e0d4,SDOG,3.5627562e-07,-0.010742994290442271
133,2021-08-17,0x537edd52ebcb9f48ff2f8a28c51fcdb9d6a6e0d4,SDOG,4.1428584e-07,0.15085152558096437
134,2021-08-16,0x537edd52ebcb9f48ff2f8a28c51fcdb9d6a6e0d4,SDOG,3.7620003e-07,-0.0964351737557384
135,2021-08-15,0x537edd52ebcb9f48ff2f8a28c51fcdb9d6a6e0d4,SDOG,3.767108e-07,0.0013567877044753879
136,2021-08-14,0x537edd52ebcb9f48ff2f8a28c51fcdb9d6a6e0d4,SDOG,3.8173815e-07,0.013257118043365749
137,2021-08-12,0x537edd52ebcb9f48ff2f8a28c51fcdb9d6a6e0d4,SDOG,3.6521647e-07,-0.044244656079558776
138,2021-08-11,0x537edd52ebcb9f48ff2f8a28c51fcdb9d6a6e0d4,SDOG,3.6511614e-07,-0.0002747515289811087
139,2021-08-10,0x537edd52ebcb9f48ff2f8a28c51fcdb9d6a6e0d4,SDOG,4.1679903e-07,0.13238866843012614
140,2021-08-09,0x537edd52ebcb9f48ff2f8a28c51fcdb9d6a6e0d4,SDOG,3.9377898e-07,-0.05681437574967511
141,2021-08-08,0x537edd52ebcb9f48ff2f8a28c51fcdb9d6a6e0d4,SDOG,4.4647578e-07,0.12559536729285195
142,2021-08-07,0x537edd52ebcb9f48ff2f8a28c51fcdb9d6a6e0d4,SDOG,3.8521924e-07,-0.14757252796882073
143,2021-08-06,0x537edd52ebcb9f48ff2f8a28c51fcdb9d6a6e0d4,SDOG,3.2660307e-07,-0.16506704638581454
144,2021-08-05,0x537edd52ebcb9f48ff2f8a28c51fcdb9d6a6e0d4,SDOG,3.180127e-07,-0.02665426128008214
145,2021-08-04,0x537edd52ebcb9f48ff2f8a28c51fcdb9d6a6e0d4,SDOG,3.4531521e-07,0.08236633298954818
146,2021-08-03,0x537edd52ebcb9f48ff2f8a28c51fcdb9d6a6e0d4,SDOG,3.1423014e-07,-0.09433200469659697
147,2021-08-02,0x537edd52ebcb9f48ff2f8a28c51fcdb9d6a6e0d4,SDOG,3.5923347e-07,0.1338468639918483
148,2021-08-01,0x537edd52ebcb9f48ff2f8a28c51fcdb9d6a6e0d4,SDOG,3.3403333e-07,-0.07273173295730016
149,2021-07-31,0x537edd52ebcb9f48ff2f8a28c51fcdb9d6a6e0d4,SDOG,2.5161756e-07,-0.28333046270354995
150,2021-07-30,0x537edd52ebcb9f48ff2f8a28c51fcdb9d6a6e0d4,SDOG,2.798443e-07,0.10632306136204271
151,2021-07-29,0x537edd52ebcb9f48ff2f8a28c51fcdb9d6a6e0d4,SDOG,2.401872e-07,-0.1528147577755393
152,2021-07-28,0x537edd52ebcb9f48ff2f8a28c51fcdb9d6a6e0d4,SDOG,2.3445956e-07,-0.0241354983108955
153,2021-07-27,0x537edd52ebcb9f48ff2f8a28c51fcdb9d6a6e0d4,SDOG,2.236915e-07,-0.04701525053285615
154,2021-07-26,0x537edd52ebcb9f48ff2f8a28c51fcdb9d6a6e0d4,SDOG,2.4819286e-07,0.10393823477710644
155,2021-07-25,0x537edd52ebcb9f48ff2f8a28c51fcdb9d6a6e0d4,SDOG,2.3949522e-07,-0.035672646827982483
156,2021-07-24,0x537edd52ebcb9f48ff2f8a28c51fcdb9d6a6e0d4,SDOG,2.3418886e-07,-0.02240557455589457
157,2021-07-23,0x537edd52ebcb9f48ff2f8a28c51fcdb9d6a6e0d4,SDOG,2.268665e-07,-0.03176614509703527
158,2021-07-22,0x537edd52ebcb9f48ff2f8a28c51fcdb9d6a6e0d4,SDOG,2.2668647e-07,-0.0007938654197542038
159,2021-07-21,0x537edd52ebcb9f48ff2f8a28c51fcdb9d6a6e0d4,SDOG,2.0980333e-07,-0.07739730523724254
160,2021-07-20,0x537edd52ebcb9f48ff2f8a28c51fcdb9d6a6e0d4,SDOG,2.1649747e-07,0.031408293366495234
161,2021-07-19,0x537edd52ebcb9f48ff2f8a28c51fcdb9d6a6e0d4,SDOG,2.2343576e-07,0.03154508398339379
162,2021-07-18,0x537edd52ebcb9f48ff2f8a28c51fcdb9d6a6e0d4,SDOG,2.211207e-07,-0.010415239169241693
163,2021-07-16,0x537edd52ebcb9f48ff2f8a28c51fcdb9d6a6e0d4,SDOG,2.538083e-07,0.13787055138506463
164,2021-07-15,0x537edd52ebcb9f48ff2f8a28c51fcdb9d6a6e0d4,SDOG,2.63028e-07,0.03568123272797477
165,2021-07-14,0x537edd52ebcb9f48ff2f8a28c51fcdb9d6a6e0d4,SDOG,2.614111e-07,-0.00616622644341879
166,2021-07-13,0x537edd52ebcb9f48ff2f8a28c51fcdb9d6a6e0d4,SDOG,2.6610124e-07,0.017782573929282324
167,2021-07-12,0x537edd52ebcb9f48ff2f8a28c51fcdb9d6a6e0d4,SDOG,3.0869944e-07,0.14849127957243274
168,2021-07-11,0x537edd52ebcb9f48ff2f8a28c51fcdb9d6a6e0d4,SDOG,3.0334087e-07,-0.01751096075953965
169,2021-07-10,0x537edd52ebcb9f48ff2f8a28c51fcdb9d6a6e0d4,SDOG,3.3971295e-07,0.11324383962418677
170,2021-07-09,0x537edd52ebcb9f48ff2f8a28c51fcdb9d6a6e0d4,SDOG,3.293358e-07,-0.031023097381906728
171,2021-07-08,0x537edd52ebcb9f48ff2f8a28c51fcdb9d6a6e0d4,SDOG,3.732548e-07,0.12518339741975462
172,2021-07-07,0x537edd52ebcb9f48ff2f8a28c51fcdb9d6a6e0d4,SDOG,3.7564988e-07,0.006396243018819179
173,2021-07-06,0x537edd52ebcb9f48ff2f8a28c51fcdb9d6a6e0d4,SDOG,3.7320947e-07,-0.006517695583603595
174,2021-07-05,0x537edd52ebcb9f48ff2f8a28c51fcdb9d6a6e0d4,SDOG,3.8933638e-07,0.04230385624668878
175,2021-07-04,0x537edd52ebcb9f48ff2f8a28c51fcdb9d6a6e0d4,SDOG,3.8202882e-07,-0.018947649244990296
176,2021-07-03,0x537edd52ebcb9f48ff2f8a28c51fcdb9d6a6e0d4,SDOG,4.0740943e-07,0.06432259952238936
177,2021-07-02,0x537edd52ebcb9f48ff2f8a28c51fcdb9d6a6e0d4,SDOG,4.041308e-07,-0.008080062371650511
178,2021-06-27,0x537edd52ebcb9f48ff2f8a28c51fcdb9d6a6e0d4,SDOG,3.5226373e-07,-0.13735845991991166
179,2021-06-26,0x537edd52ebcb9f48ff2f8a28c51fcdb9d6a6e0d4,SDOG,3.8331763e-07,0.08448383861494974
180,2021-06-25,0x537edd52ebcb9f48ff2f8a28c51fcdb9d6a6e0d4,SDOG,4.161054e-07,0.08207462692159279
181,2021-06-24,0x537edd52ebcb9f48ff2f8a28c51fcdb9d6a6e0d4,SDOG,3.3702617e-07,-0.21077801043063263
182,2021-06-22,0x537edd52ebcb9f48ff2f8a28c51fcdb9d6a6e0d4,SDOG,3.805432e-07,0.12143912255609471
183,2021-06-21,0x537edd52ebcb9f48ff2f8a28c51fcdb9d6a6e0d4,SDOG,4.6523203e-07,0.20093656470118046
184,2021-06-20,0x537edd52ebcb9f48ff2f8a28c51fcdb9d6a6e0d4,SDOG,4.98143e-07,0.06835091401883053
185,2021-06-19,0x537edd52ebcb9f48ff2f8a28c51fcdb9d6a6e0d4,SDOG,5.740978e-07,0.14191258068148283
186,2021-06-18,0x537edd52ebcb9f48ff2f8a28c51fcdb9d6a6e0d4,SDOG,6.1109796e-07,0.062457508571538235
187,2021-06-17,0x537edd52ebcb9f48ff2f8a28c51fcdb9d6a6e0d4,SDOG,6.1314324e-07,0.0033413054598175145
188,2021-06-16,0x537edd52ebcb9f48ff2f8a28c51fcdb9d6a6e0d4,SDOG,6.4605126e-07,0.05228027136716867
189,2021-06-15,0x537edd52ebcb9f48ff2f8a28c51fcdb9d6a6e0d4,SDOG,6.4999216e-07,0.006081450798709771
190,2021-06-14,0x537edd52ebcb9f48ff2f8a28c51fcdb9d6a6e0d4,SDOG,6.263633e-07,-0.03702974707945035
191,2021-06-13,0x537edd52ebcb9f48ff2f8a28c51fcdb9d6a6e0d4,SDOG,0.0,
192,2021-06-12,0x537edd52ebcb9f48ff2f8a28c51fcdb9d6a6e0d4,SDOG,0.0,
193,2021-06-11,0x537edd52ebcb9f48ff2f8a28c51fcdb9d6a6e0d4,SDOG,0.0,
194,2021-06-10,0x537edd52ebcb9f48ff2f8a28c51fcdb9d6a6e0d4,SDOG,0.0,
195,2021-06-09,0x537edd52ebcb9f48ff2f8a28c51fcdb9d6a6e0d4,SDOG,0.0,
196,2021-06-08,0x537edd52ebcb9f48ff2f8a28c51fcdb9d6a6e0d4,SDOG,0.0,
197,2021-06-07,0x537edd52ebcb9f48ff2f8a28c51fcdb9d6a6e0d4,SDOG,0.0,
198,2021-06-06,0x537edd52ebcb9f48ff2f8a28c51fcdb9d6a6e0d4,SDOG,0.0,
199,2021-06-05,0x537edd52ebcb9f48ff2f8a28c51fcdb9d6a6e0d4,SDOG,0.0,
200,2021-06-04,0x537edd52ebcb9f48ff2f8a28c51fcdb9d6a6e0d4,SDOG,0.0,
201,2021-06-03,0x537edd52ebcb9f48ff2f8a28c51fcdb9d6a6e0d4,SDOG,0.0,
202,2021-06-02,0x537edd52ebcb9f48ff2f8a28c51fcdb9d6a6e0d4,SDOG,0.0,
203,2021-06-01,0x537edd52ebcb9f48ff2f8a28c51fcdb9d6a6e0d4,SDOG,0.0,
204,2021-05-31,0x537edd52ebcb9f48ff2f8a28c51fcdb9d6a6e0d4,SDOG,0.0,
205,2021-05-30,0x537edd52ebcb9f48ff2f8a28c51fcdb9d6a6e0d4,SDOG,0.0,
206,2021-05-29,0x537edd52ebcb9f48ff2f8a28c51fcdb9d6a6e0d4,SDOG,0.0,
207,2021-05-28,0x537edd52ebcb9f48ff2f8a28c51fcdb9d6a6e0d4,SDOG,0.0,
208,2021-05-27,0x537edd52ebcb9f48ff2f8a28c51fcdb9d6a6e0d4,SDOG,0.0,
209,2021-05-26,0x537edd52ebcb9f48ff2f8a28c51fcdb9d6a6e0d4,SDOG,0.0,
210,2021-05-25,0x537edd52ebcb9f48ff2f8a28c51fcdb9d6a6e0d4,SDOG,0.0,
211,2021-05-24,0x537edd52ebcb9f48ff2f8a28c51fcdb9d6a6e0d4,SDOG,0.0,
212,2021-05-23,0x537edd52ebcb9f48ff2f8a28c51fcdb9d6a6e0d4,SDOG,0.0,
213,2021-05-22,0x537edd52ebcb9f48ff2f8a28c51fcdb9d6a6e0d4,SDOG,0.0,
214,2021-05-21,0x537edd52ebcb9f48ff2f8a28c51fcdb9d6a6e0d4,SDOG,0.0,
215,2021-05-20,0x537edd52ebcb9f48ff2f8a28c51fcdb9d6a6e0d4,SDOG,0.0,
216,2021-05-19,0x537edd52ebcb9f48ff2f8a28c51fcdb9d6a6e0d4,SDOG,0.0,
217,2021-05-18,0x537edd52ebcb9f48ff2f8a28c51fcdb9d6a6e0d4,SDOG,0.0,
218,2021-05-17,0x537edd52ebcb9f48ff2f8a28c51fcdb9d6a6e0d4,SDOG,0.0,
219,2021-05-16,0x537edd52ebcb9f48ff2f8a28c51fcdb9d6a6e0d4,SDOG,4.67809e-06,inf
220,2021-05-15,0x537edd52ebcb9f48ff2f8a28c51fcdb9d6a6e0d4,SDOG,4.991326e-06,0.06481169895805937
221,2021-05-14,0x537edd52ebcb9f48ff2f8a28c51fcdb9d6a6e0d4,SDOG,4.9972796e-06,0.0011920784428669548
222,2021-05-13,0x537edd52ebcb9f48ff2f8a28c51fcdb9d6a6e0d4,SDOG,0.0,
223,2021-05-12,0x537edd52ebcb9f48ff2f8a28c51fcdb9d6a6e0d4,SDOG,5.6928975e-06,inf
224,2021-05-11,0x537edd52ebcb9f48ff2f8a28c51fcdb9d6a6e0d4,SDOG,1.1180334e-05,0.6749369968172487
