,timestamp,address,symbol,price,returns,std_dev
604,2020-09-16,0x1f9840a85d5af5bf1d1762f925bdaddc4201f984,UNI,3.397057,0.0,
603,2020-09-17,0x1f9840a85d5af5bf1d1762f925bdaddc4201f984,UNI,3.4489124,0.015149466416866169,
602,2020-09-18,0x1f9840a85d5af5bf1d1762f925bdaddc4201f984,UNI,7.106903,0.7230076302701961,
601,2020-09-19,0x1f9840a85d5af5bf1d1762f925bdaddc4201f984,UNI,5.623744,-0.23406893096714868,
600,2020-09-20,0x1f9840a85d5af5bf1d1762f925bdaddc4201f984,UNI,5.3329988,-0.053083927664542965,
599,2020-09-21,0x1f9840a85d5af5bf1d1762f925bdaddc4201f984,UNI,4.4930935,-0.17137226658376103,
598,2020-09-22,0x1f9840a85d5af5bf1d1762f925bdaddc4201f984,UNI,3.874836,-0.14803810069157594,0.2998536764694615
597,2020-09-23,0x1f9840a85d5af5bf1d1762f925bdaddc4201f984,UNI,4.468333,0.1425120690917404,0.3027105388675256
596,2020-09-24,0x1f9840a85d5af5bf1d1762f925bdaddc4201f984,UNI,4.896471,0.09149933314261964,0.30302431343337954
595,2020-09-25,0x1f9840a85d5af5bf1d1762f925bdaddc4201f984,UNI,4.929713,0.006766029786497698,0.13011166613342673
594,2020-09-26,0x1f9840a85d5af5bf1d1762f925bdaddc4201f984,UNI,4.846974,-0.016926178643813933,0.10687732318003317
593,2020-09-27,0x1f9840a85d5af5bf1d1762f925bdaddc4201f984,UNI,4.8317633,-0.003143119200571318,0.10617772951824055
592,2020-09-28,0x1f9840a85d5af5bf1d1762f925bdaddc4201f984,UNI,4.277537,-0.1218340968463788,0.09668616193026805
591,2020-09-29,0x1f9840a85d5af5bf1d1762f925bdaddc4201f984,UNI,4.2748265,-0.0006338598893163438,0.07790945972900955
590,2020-09-30,0x1f9840a85d5af5bf1d1762f925bdaddc4201f984,UNI,4.178506,-0.022789750389512368,0.05786083950810004
589,2020-10-01,0x1f9840a85d5af5bf1d1762f925bdaddc4201f984,UNI,4.304213,0.029640544102229962,0.045055019468839365
588,2020-10-02,0x1f9840a85d5af5bf1d1762f925bdaddc4201f984,UNI,3.920919,-0.09326824538112834,0.05035391261900935
587,2020-10-03,0x1f9840a85d5af5bf1d1762f925bdaddc4201f984,UNI,3.9050288,-0.004060906676901778,0.0511252745650413
586,2020-10-04,0x1f9840a85d5af5bf1d1762f925bdaddc4201f984,UNI,3.6782403,-0.05983069995569421,0.05057870592435706
585,2020-10-05,0x1f9840a85d5af5bf1d1762f925bdaddc4201f984,UNI,3.285509,-0.11291287180769101,0.04854618617850276
584,2020-10-06,0x1f9840a85d5af5bf1d1762f925bdaddc4201f984,UNI,2.7370822,-0.1826291241708366,0.0669735798143112
583,2020-10-07,0x1f9840a85d5af5bf1d1762f925bdaddc4201f984,UNI,2.9458532,0.07350602403024314,0.08213579697731099
582,2020-10-08,0x1f9840a85d5af5bf1d1762f925bdaddc4201f984,UNI,3.239513,0.09502452334426123,0.09357540023934918
581,2020-10-09,0x1f9840a85d5af5bf1d1762f925bdaddc4201f984,UNI,3.35221,0.034196819957350806,0.09395516768251147
580,2020-10-10,0x1f9840a85d5af5bf1d1762f925bdaddc4201f984,UNI,3.2307215,-0.036914342918963484,0.09374284435679613
579,2020-10-11,0x1f9840a85d5af5bf1d1762f925bdaddc4201f984,UNI,3.3463292,0.0351584969545558,0.0948879540851207
578,2020-10-12,0x1f9840a85d5af5bf1d1762f925bdaddc4201f984,UNI,3.4013977,0.016322451526061342,0.08589791416671942
577,2020-10-13,0x1f9840a85d5af5bf1d1762f925bdaddc4201f984,UNI,3.3854938,-0.004686660781441297,0.041459074578905575
576,2020-10-14,0x1f9840a85d5af5bf1d1762f925bdaddc4201f984,UNI,3.1222284,-0.0809527969531398,0.05231303909055564
575,2020-10-15,0x1f9840a85d5af5bf1d1762f925bdaddc4201f984,UNI,3.060255,-0.020048731823616567,0.03882007381569746
574,2020-10-16,0x1f9840a85d5af5bf1d1762f925bdaddc4201f984,UNI,3.0809767,0.006748411280627259,0.035599052620345684
573,2020-10-17,0x1f9840a85d5af5bf1d1762f925bdaddc4201f984,UNI,3.060028,-0.0068225908569979265,0.03412367892391564
572,2020-10-18,0x1f9840a85d5af5bf1d1762f925bdaddc4201f984,UNI,3.2318437,0.05462871309172169,0.03807316669090607
571,2020-10-19,0x1f9840a85d5af5bf1d1762f925bdaddc4201f984,UNI,3.10308,-0.04065761270526612,0.03873543211161922
570,2020-10-20,0x1f9840a85d5af5bf1d1762f925bdaddc4201f984,UNI,2.8142738,-0.09769091345854823,0.04832888013582952
569,2020-10-21,0x1f9840a85d5af5bf1d1762f925bdaddc4201f984,UNI,2.7216702,-0.03345851719952664,0.043262116422141325
568,2020-10-22,0x1f9840a85d5af5bf1d1762f925bdaddc4201f984,UNI,2.994023,0.09537223202105463,0.059063989254512575
567,2020-10-23,0x1f9840a85d5af5bf1d1762f925bdaddc4201f984,UNI,3.013585,0.0065124319490235194,0.05905841094063797
566,2020-10-24,0x1f9840a85d5af5bf1d1762f925bdaddc4201f984,UNI,2.9008727,-0.038118777191432314,0.06033724827653365
565,2020-10-25,0x1f9840a85d5af5bf1d1762f925bdaddc4201f984,UNI,2.7900898,-0.03893784106101715,0.05521048231727833
564,2020-10-26,0x1f9840a85d5af5bf1d1762f925bdaddc4201f984,UNI,2.7020805,-0.03205174985490604,0.05485366139037289
563,2020-10-27,0x1f9840a85d5af5bf1d1762f925bdaddc4201f984,UNI,2.6934943,-0.0031826849097942914,0.04470460484835045
562,2020-10-28,0x1f9840a85d5af5bf1d1762f925bdaddc4201f984,UNI,2.74646,0.019473462773416956,0.04393564516011726
561,2020-10-29,0x1f9840a85d5af5bf1d1762f925bdaddc4201f984,UNI,2.5064826,-0.09143239395755061,0.034382725664057256
560,2020-10-30,0x1f9840a85d5af5bf1d1762f925bdaddc4201f984,UNI,2.3919103,-0.04678808036115519,0.03231397576023109
559,2020-10-31,0x1f9840a85d5af5bf1d1762f925bdaddc4201f984,UNI,2.2205784,-0.07432463289530665,0.035462685753816114
558,2020-11-01,0x1f9840a85d5af5bf1d1762f925bdaddc4201f984,UNI,2.3846,0.07126369289995833,0.052160664865312345
557,2020-11-02,0x1f9840a85d5af5bf1d1762f925bdaddc4201f984,UNI,2.278863,-0.04535476101839642,0.05271582409794775
556,2020-11-03,0x1f9840a85d5af5bf1d1762f925bdaddc4201f984,UNI,2.0713415,-0.09548016936651496,0.057133847724012435
555,2020-11-04,0x1f9840a85d5af5bf1d1762f925bdaddc4201f984,UNI,1.9091781,-0.08152362969426719,0.05356000045804259
554,2020-11-05,0x1f9840a85d5af5bf1d1762f925bdaddc4201f984,UNI,1.9974247,0.045185865515620524,0.06010761423782311
553,2020-11-06,0x1f9840a85d5af5bf1d1762f925bdaddc4201f984,UNI,2.5478764,0.24340152707277543,0.11284523155964332
552,2020-11-07,0x1f9840a85d5af5bf1d1762f925bdaddc4201f984,UNI,2.600518,0.02045042805374105,0.10759627456999019
551,2020-11-08,0x1f9840a85d5af5bf1d1762f925bdaddc4201f984,UNI,2.751751,0.056526780373550786,0.10676373915975096
550,2020-11-09,0x1f9840a85d5af5bf1d1762f925bdaddc4201f984,UNI,2.7030795,-0.01784575769990504,0.104756331925019
549,2020-11-10,0x1f9840a85d5af5bf1d1762f925bdaddc4201f984,UNI,3.061723,0.1245861507677179,0.096784089598165
548,2020-11-11,0x1f9840a85d5af5bf1d1762f925bdaddc4201f984,UNI,2.8619668,-0.0674687486067663,0.09402019300589191
547,2020-11-12,0x1f9840a85d5af5bf1d1762f925bdaddc4201f984,UNI,2.8566077,-0.0018742788325450442,0.0963381521489838
546,2020-11-13,0x1f9840a85d5af5bf1d1762f925bdaddc4201f984,UNI,3.8747573,0.3048482266308586,0.11453935119425991
545,2020-11-14,0x1f9840a85d5af5bf1d1762f925bdaddc4201f984,UNI,3.8687615,-0.0015485986030638363,0.11587239309878328
544,2020-11-15,0x1f9840a85d5af5bf1d1762f925bdaddc4201f984,UNI,3.8961225,0.007047397808416798,0.11717207387516537
543,2020-11-16,0x1f9840a85d5af5bf1d1762f925bdaddc4201f984,UNI,3.4222126,-0.12969452684007204,0.13198100216165445
542,2020-11-17,0x1f9840a85d5af5bf1d1762f925bdaddc4201f984,UNI,3.6246734,0.05747688674493098,0.1273883149383407
541,2020-11-18,0x1f9840a85d5af5bf1d1762f925bdaddc4201f984,UNI,3.4336977,-0.05412646054589136,0.12609705034098825
540,2020-11-19,0x1f9840a85d5af5bf1d1762f925bdaddc4201f984,UNI,3.732654,0.08348178163963127,0.12693445835513506
539,2020-11-20,0x1f9840a85d5af5bf1d1762f925bdaddc4201f984,UNI,3.6748056,-0.01561927548324575,0.06537599484224618
538,2020-11-21,0x1f9840a85d5af5bf1d1762f925bdaddc4201f984,UNI,3.811737,0.036584757450608726,0.06721364192343177
537,2020-11-22,0x1f9840a85d5af5bf1d1762f925bdaddc4201f984,UNI,3.7415164,-0.018594006959666357,0.06731277977344229
536,2020-11-23,0x1f9840a85d5af5bf1d1762f925bdaddc4201f984,UNI,4.1691527,0.10822184191908397,0.05512902375922249
535,2020-11-24,0x1f9840a85d5af5bf1d1762f925bdaddc4201f984,UNI,3.8982177,-0.06719337703722095,0.06244740896803051
534,2020-11-25,0x1f9840a85d5af5bf1d1762f925bdaddc4201f984,UNI,3.7331161,-0.04327614823929418,0.060943225585960485
533,2020-11-26,0x1f9840a85d5af5bf1d1762f925bdaddc4201f984,UNI,3.749181,0.004294115689585409,0.05351039483660718
532,2020-11-27,0x1f9840a85d5af5bf1d1762f925bdaddc4201f984,UNI,3.3220263,-0.12096248805228235,0.06863896797913699
531,2020-11-28,0x1f9840a85d5af5bf1d1762f925bdaddc4201f984,UNI,3.3498487,0.00834025256065432,0.06631295208106687
530,2020-11-29,0x1f9840a85d5af5bf1d1762f925bdaddc4201f984,UNI,3.454251,0.030690465815105546,0.06850433011416038
529,2020-11-30,0x1f9840a85d5af5bf1d1762f925bdaddc4201f984,UNI,3.4740825,0.005724768924999135,0.04975722363166834
528,2020-12-01,0x1f9840a85d5af5bf1d1762f925bdaddc4201f984,UNI,3.7038765,0.0640495585174084,0.05515713245884035
527,2020-12-02,0x1f9840a85d5af5bf1d1762f925bdaddc4201f984,UNI,3.9005291,0.05173223670492586,0.05631321183871021
526,2020-12-03,0x1f9840a85d5af5bf1d1762f925bdaddc4201f984,UNI,3.8368769,-0.01645348220621923,0.05688218100526828
525,2020-12-04,0x1f9840a85d5af5bf1d1762f925bdaddc4201f984,UNI,3.6680584,-0.04499625264358822,0.03528570587333319
524,2020-12-05,0x1f9840a85d5af5bf1d1762f925bdaddc4201f984,UNI,3.599776,-0.018790854446610713,0.0371522895844515
523,2020-12-06,0x1f9840a85d5af5bf1d1762f925bdaddc4201f984,UNI,3.6015377,0.0004892718491473293,0.03627471994245657
522,2020-12-07,0x1f9840a85d5af5bf1d1762f925bdaddc4201f984,UNI,3.7851717,0.04973035598351297,0.039369478841240195
521,2020-12-08,0x1f9840a85d5af5bf1d1762f925bdaddc4201f984,UNI,3.446453,-0.09374566290910208,0.04757703281522066
520,2020-12-09,0x1f9840a85d5af5bf1d1762f925bdaddc4201f984,UNI,3.319495,-0.03753292330251643,0.04071153112734557
519,2020-12-10,0x1f9840a85d5af5bf1d1762f925bdaddc4201f984,UNI,3.0940592,-0.07032877714980673,0.04371971942999376
518,2020-12-11,0x1f9840a85d5af5bf1d1762f925bdaddc4201f984,UNI,3.0066655,-0.02865222839545464,0.04333067210943919
517,2020-12-12,0x1f9840a85d5af5bf1d1762f925bdaddc4201f984,UNI,3.0007024,-0.0019852627832280295,0.04425257670483329
516,2020-12-13,0x1f9840a85d5af5bf1d1762f925bdaddc4201f984,UNI,3.2701778,0.08599796192317258,0.05916801543857051
515,2020-12-14,0x1f9840a85d5af5bf1d1762f925bdaddc4201f984,UNI,3.4721985,0.059943610303168776,0.0608192253725789
514,2020-12-15,0x1f9840a85d5af5bf1d1762f925bdaddc4201f984,UNI,3.303885,-0.0496889180652739,0.05396117123103919
513,2020-12-16,0x1f9840a85d5af5bf1d1762f925bdaddc4201f984,UNI,3.1886327,-0.03550684453458537,0.05379662883012859
512,2020-12-17,0x1f9840a85d5af5bf1d1762f925bdaddc4201f984,UNI,3.4487715,0.07842587644973824,0.05346735961153761
511,2020-12-18,0x1f9840a85d5af5bf1d1762f925bdaddc4201f984,UNI,3.722088,0.07626672047041014,0.05369342922256025
510,2020-12-19,0x1f9840a85d5af5bf1d1762f925bdaddc4201f984,UNI,3.840219,0.031244595080273444,0.05205608400344833
509,2020-12-20,0x1f9840a85d5af5bf1d1762f925bdaddc4201f984,UNI,3.8194017,-0.005435608908249597,0.04906666653149121
508,2020-12-21,0x1f9840a85d5af5bf1d1762f925bdaddc4201f984,UNI,3.6240726,-0.052495366222510345,0.05236775192441781
507,2020-12-22,0x1f9840a85d5af5bf1d1762f925bdaddc4201f984,UNI,3.511282,-0.031617208134321714,0.04994229376485337
506,2020-12-23,0x1f9840a85d5af5bf1d1762f925bdaddc4201f984,UNI,3.4119353,-0.028701545994037136,0.04913200608173682
505,2020-12-24,0x1f9840a85d5af5bf1d1762f925bdaddc4201f984,UNI,3.4367833,0.007256279744929234,0.04044837044379887
504,2020-12-25,0x1f9840a85d5af5bf1d1762f925bdaddc4201f984,UNI,3.3694463,-0.019787518514741115,0.025673233614560736
503,2020-12-26,0x1f9840a85d5af5bf1d1762f925bdaddc4201f984,UNI,3.1744313,-0.05961993000363047,0.022131240353061566
502,2020-12-27,0x1f9840a85d5af5bf1d1762f925bdaddc4201f984,UNI,3.6256413,0.13290268481382164,0.060773388021391025
501,2020-12-28,0x1f9840a85d5af5bf1d1762f925bdaddc4201f984,UNI,3.6397998,0.00389749713141787,0.05793814128736769
500,2020-12-29,0x1f9840a85d5af5bf1d1762f925bdaddc4201f984,UNI,3.6768458,0.010126584942523451,0.05644227944659321
499,2020-12-30,0x1f9840a85d5af5bf1d1762f925bdaddc4201f984,UNI,3.9557154,0.07310620473904116,0.05855396502950567
498,2020-12-31,0x1f9840a85d5af5bf1d1762f925bdaddc4201f984,UNI,5.0828605,0.2507127238479169,0.0985975837372089
497,2021-01-01,0x1f9840a85d5af5bf1d1762f925bdaddc4201f984,UNI,4.7126603,-0.075621625554855,0.10635183029905859
496,2021-01-02,0x1f9840a85d5af5bf1d1762f925bdaddc4201f984,UNI,4.4431524,-0.05888844359734685,0.10624641163037517
495,2021-01-03,0x1f9840a85d5af5bf1d1762f925bdaddc4201f984,UNI,5.2906876,0.17458409400643207,0.1118558826469287
494,2021-01-04,0x1f9840a85d5af5bf1d1762f925bdaddc4201f984,UNI,5.5588284,0.049439148113767845,0.11006329203190349
493,2021-01-05,0x1f9840a85d5af5bf1d1762f925bdaddc4201f984,UNI,5.652318,0.016678359875628285,0.10965810376833969
492,2021-01-06,0x1f9840a85d5af5bf1d1762f925bdaddc4201f984,UNI,5.925192,0.047147365050251605,0.10963947117226339
491,2021-01-07,0x1f9840a85d5af5bf1d1762f925bdaddc4201f984,UNI,5.8776007,-0.008064457139299956,0.07714683550473436
490,2021-01-08,0x1f9840a85d5af5bf1d1762f925bdaddc4201f984,UNI,5.7418413,-0.023368691556730783,0.06962141574781837
489,2021-01-09,0x1f9840a85d5af5bf1d1762f925bdaddc4201f984,UNI,6.343209,0.09960484895384764,0.0630757923188019
488,2021-01-10,0x1f9840a85d5af5bf1d1762f925bdaddc4201f984,UNI,6.3378377,-0.0008471383235617858,0.039314321304477505
487,2021-01-11,0x1f9840a85d5af5bf1d1762f925bdaddc4201f984,UNI,5.66177,-0.11280108931753308,0.06060410553728392
486,2021-01-12,0x1f9840a85d5af5bf1d1762f925bdaddc4201f984,UNI,5.8498645,0.03268193440617489,0.061388058223610736
485,2021-01-13,0x1f9840a85d5af5bf1d1762f925bdaddc4201f984,UNI,5.7505116,-0.01712967381799158,0.059149534473679176
484,2021-01-14,0x1f9840a85d5af5bf1d1762f925bdaddc4201f984,UNI,6.521091,0.12575286846422798,0.07447470975685958
483,2021-01-15,0x1f9840a85d5af5bf1d1762f925bdaddc4201f984,UNI,7.8531604,0.1858743562707232,0.092861477666119
482,2021-01-16,0x1f9840a85d5af5bf1d1762f925bdaddc4201f984,UNI,8.563383,0.08657927285970188,0.09186850077481848
481,2021-01-17,0x1f9840a85d5af5bf1d1762f925bdaddc4201f984,UNI,9.096575,0.06040264669108868,0.09018921580931985
480,2021-01-18,0x1f9840a85d5af5bf1d1762f925bdaddc4201f984,UNI,9.073874,-0.0024986737323765525,0.06664883403181267
479,2021-01-19,0x1f9840a85d5af5bf1d1762f925bdaddc4201f984,UNI,8.75342,-0.035954814170098735,0.07549422939370828
478,2021-01-20,0x1f9840a85d5af5bf1d1762f925bdaddc4201f984,UNI,9.159675,0.045366216559626533,0.06959673322572703
477,2021-01-21,0x1f9840a85d5af5bf1d1762f925bdaddc4201f984,UNI,8.694135,-0.05216203731089806,0.07555023529452827
476,2021-01-22,0x1f9840a85d5af5bf1d1762f925bdaddc4201f984,UNI,8.20264,-0.058192606721806636,0.053901993887223144
475,2021-01-23,0x1f9840a85d5af5bf1d1762f925bdaddc4201f984,UNI,9.572955,0.15448588155784373,0.0709168277619449
474,2021-01-24,0x1f9840a85d5af5bf1d1762f925bdaddc4201f984,UNI,12.103137,0.23452273996757125,0.10466366748050125
473,2021-01-25,0x1f9840a85d5af5bf1d1762f925bdaddc4201f984,UNI,11.377383,-0.06183723779836275,0.11008920843517714
472,2021-01-26,0x1f9840a85d5af5bf1d1762f925bdaddc4201f984,UNI,13.656558,0.18259240841567578,0.11706851097011407
471,2021-01-27,0x1f9840a85d5af5bf1d1762f925bdaddc4201f984,UNI,16.108921,0.1651533720956477,0.12181986212006805
470,2021-01-28,0x1f9840a85d5af5bf1d1762f925bdaddc4201f984,UNI,12.969794,-0.21675010251717952,0.15621369702306462
469,2021-01-29,0x1f9840a85d5af5bf1d1762f925bdaddc4201f984,UNI,15.074723,0.1503962522559845,0.15118525382856784
468,2021-01-30,0x1f9840a85d5af5bf1d1762f925bdaddc4201f984,UNI,19.277796,0.24593459964347705,0.16014343747690482
467,2021-01-31,0x1f9840a85d5af5bf1d1762f925bdaddc4201f984,UNI,18.284431,-0.05290403458111003,0.1572094538937633
466,2021-02-01,0x1f9840a85d5af5bf1d1762f925bdaddc4201f984,UNI,20.194979,0.09938407643938925,0.14944604342785633
465,2021-02-02,0x1f9840a85d5af5bf1d1762f925bdaddc4201f984,UNI,17.975096,-0.11644676480959189,0.15712128185482377
464,2021-02-03,0x1f9840a85d5af5bf1d1762f925bdaddc4201f984,UNI,18.72489,0.040866410542803974,0.14868687239634482
463,2021-02-04,0x1f9840a85d5af5bf1d1762f925bdaddc4201f984,UNI,20.331886,0.08233673775719731,0.11270389779850976
462,2021-02-05,0x1f9840a85d5af5bf1d1762f925bdaddc4201f984,UNI,20.554287,0.010879139680341713,0.10793811089935075
461,2021-02-06,0x1f9840a85d5af5bf1d1762f925bdaddc4201f984,UNI,18.669525,-0.0961770169796313,0.07919849261692917
460,2021-02-07,0x1f9840a85d5af5bf1d1762f925bdaddc4201f984,UNI,18.809961,0.007494054600954948,0.07671493747452691
459,2021-02-08,0x1f9840a85d5af5bf1d1762f925bdaddc4201f984,UNI,16.119928,-0.1543302993782916,0.08280371017383095
458,2021-02-09,0x1f9840a85d5af5bf1d1762f925bdaddc4201f984,UNI,19.529757,0.1918830318476001,0.10523977382633717
457,2021-02-10,0x1f9840a85d5af5bf1d1762f925bdaddc4201f984,UNI,21.414083,0.0921094872826922,0.10872793779917557
456,2021-02-11,0x1f9840a85d5af5bf1d1762f925bdaddc4201f984,UNI,20.226313,-0.05706440920629941,0.10809923152744144
455,2021-02-12,0x1f9840a85d5af5bf1d1762f925bdaddc4201f984,UNI,23.039642,0.13023191702126738,0.1175843894314066
454,2021-02-13,0x1f9840a85d5af5bf1d1762f925bdaddc4201f984,UNI,21.98596,-0.046812229697089786,0.11197315305512319
453,2021-02-14,0x1f9840a85d5af5bf1d1762f925bdaddc4201f984,UNI,20.203423,-0.08455202231868585,0.11829056772414984
452,2021-02-15,0x1f9840a85d5af5bf1d1762f925bdaddc4201f984,UNI,20.2768,0.0036253298489114234,0.09809206889893975
451,2021-02-16,0x1f9840a85d5af5bf1d1762f925bdaddc4201f984,UNI,19.888342,-0.019343644425886097,0.07404758561463774
450,2021-02-17,0x1f9840a85d5af5bf1d1762f925bdaddc4201f984,UNI,20.274672,0.019238691392272193,0.06534250751104065
449,2021-02-18,0x1f9840a85d5af5bf1d1762f925bdaddc4201f984,UNI,21.37876,0.05302548347380131,0.06484185678351435
448,2021-02-19,0x1f9840a85d5af5bf1d1762f925bdaddc4201f984,UNI,18.65124,-0.1364852739705934,0.05995158206497562
447,2021-02-20,0x1f9840a85d5af5bf1d1762f925bdaddc4201f984,UNI,29.157093,0.4467855789976624,0.17630310487481182
446,2021-02-21,0x1f9840a85d5af5bf1d1762f925bdaddc4201f984,UNI,28.407,-0.026062617143446293,0.17150739377417246
445,2021-02-22,0x1f9840a85d5af5bf1d1762f925bdaddc4201f984,UNI,29.49381,0.037544817150325704,0.1706428944388686
444,2021-02-23,0x1f9840a85d5af5bf1d1762f925bdaddc4201f984,UNI,27.46007,-0.07144746132080443,0.17474628399385944
443,2021-02-24,0x1f9840a85d5af5bf1d1762f925bdaddc4201f984,UNI,24.87474,-0.09888011877026938,0.18207337596929107
442,2021-02-25,0x1f9840a85d5af5bf1d1762f925bdaddc4201f984,UNI,24.777134,-0.003931619005145213,0.18210001733460665
441,2021-02-26,0x1f9840a85d5af5bf1d1762f925bdaddc4201f984,UNI,23.395298,-0.05738614972204488,0.17425763125413793
440,2021-02-27,0x1f9840a85d5af5bf1d1762f925bdaddc4201f984,UNI,23.797586,0.01704908496024032,0.04578922591351687
439,2021-02-28,0x1f9840a85d5af5bf1d1762f925bdaddc4201f984,UNI,22.812176,-0.04228971845965056,0.04599132691097275
438,2021-03-01,0x1f9840a85d5af5bf1d1762f925bdaddc4201f984,UNI,23.020678,0.009098427007761176,0.04067515817242112
437,2021-03-02,0x1f9840a85d5af5bf1d1762f925bdaddc4201f984,UNI,26.315598,0.13376898771939558,0.0685388532783199
436,2021-03-03,0x1f9840a85d5af5bf1d1762f925bdaddc4201f984,UNI,24.442776,-0.0738271310880411,0.0641106715962368
435,2021-03-04,0x1f9840a85d5af5bf1d1762f925bdaddc4201f984,UNI,29.55241,0.18983058506888867,0.09288845549197271
434,2021-03-05,0x1f9840a85d5af5bf1d1762f925bdaddc4201f984,UNI,27.968582,-0.05508348845695083,0.09259911111207594
433,2021-03-06,0x1f9840a85d5af5bf1d1762f925bdaddc4201f984,UNI,28.496817,0.018710588073754683,0.0925792550341581
432,2021-03-07,0x1f9840a85d5af5bf1d1762f925bdaddc4201f984,UNI,33.155228,0.15140801476108418,0.09695318671850732
431,2021-03-08,0x1f9840a85d5af5bf1d1762f925bdaddc4201f984,UNI,33.072826,-0.002488433150141635,0.0977909592828586
430,2021-03-09,0x1f9840a85d5af5bf1d1762f925bdaddc4201f984,UNI,31.43445,-0.05080755317710161,0.09700453315920343
429,2021-03-10,0x1f9840a85d5af5bf1d1762f925bdaddc4201f984,UNI,30.159483,-0.041405024177756766,0.09284118955318069
428,2021-03-11,0x1f9840a85d5af5bf1d1762f925bdaddc4201f984,UNI,30.05049,-0.003620434078338173,0.06609931963156859
427,2021-03-12,0x1f9840a85d5af5bf1d1762f925bdaddc4201f984,UNI,31.226791,0.03839744524837098,0.06248340033547307
426,2021-03-13,0x1f9840a85d5af5bf1d1762f925bdaddc4201f984,UNI,30.32184,-0.02940816730436943,0.06439630323780618
425,2021-03-14,0x1f9840a85d5af5bf1d1762f925bdaddc4201f984,UNI,31.807873,0.04784559281127502,0.03524933969539595
424,2021-03-15,0x1f9840a85d5af5bf1d1762f925bdaddc4201f984,UNI,31.411777,-0.012530951470285255,0.03528455668602545
423,2021-03-16,0x1f9840a85d5af5bf1d1762f925bdaddc4201f984,UNI,29.065647,-0.07762592493340235,0.04081630242948492
422,2021-03-17,0x1f9840a85d5af5bf1d1762f925bdaddc4201f984,UNI,30.548534,0.049759736203218025,0.04355109265646275
421,2021-03-18,0x1f9840a85d5af5bf1d1762f925bdaddc4201f984,UNI,30.694845,0.0047780276248657,0.04350003861981031
420,2021-03-19,0x1f9840a85d5af5bf1d1762f925bdaddc4201f984,UNI,33.009716,0.07270721719024148,0.048816873117140655
419,2021-03-20,0x1f9840a85d5af5bf1d1762f925bdaddc4201f984,UNI,32.065666,-0.029016079679159184,0.0487742028872073
418,2021-03-21,0x1f9840a85d5af5bf1d1762f925bdaddc4201f984,UNI,33.31013,0.038075692234451536,0.047742568987975666
417,2021-03-22,0x1f9840a85d5af5bf1d1762f925bdaddc4201f984,UNI,34.74745,0.04224463309341327,0.04845058090578929
416,2021-03-23,0x1f9840a85d5af5bf1d1762f925bdaddc4201f984,UNI,30.678894,-0.12453126171771986,0.0620514614397372
415,2021-03-24,0x1f9840a85d5af5bf1d1762f925bdaddc4201f984,UNI,28.478018,-0.07444243488011666,0.0651717418053505
414,2021-03-25,0x1f9840a85d5af5bf1d1762f925bdaddc4201f984,UNI,27.015617,-0.05271738522681464,0.066399875576741
413,2021-03-26,0x1f9840a85d5af5bf1d1762f925bdaddc4201f984,UNI,27.061749,0.001706148601639894,0.056402760900649655
412,2021-03-27,0x1f9840a85d5af5bf1d1762f925bdaddc4201f984,UNI,27.752642,0.025209788067445265,0.05942656672585965
411,2021-03-28,0x1f9840a85d5af5bf1d1762f925bdaddc4201f984,UNI,27.914534,0.005816442221310504,0.05583725731652093
410,2021-03-29,0x1f9840a85d5af5bf1d1762f925bdaddc4201f984,UNI,28.0591,0.005165514944015255,0.050706642444494986
409,2021-03-30,0x1f9840a85d5af5bf1d1762f925bdaddc4201f984,UNI,28.030748,-0.001010949518518619,0.03350183030534463
408,2021-03-31,0x1f9840a85d5af5bf1d1762f925bdaddc4201f984,UNI,28.034805,0.0001447234456809326,0.022180991708635592
407,2021-04-01,0x1f9840a85d5af5bf1d1762f925bdaddc4201f984,UNI,28.714642,0.023960392926763024,0.010300265104084553
406,2021-04-02,0x1f9840a85d5af5bf1d1762f925bdaddc4201f984,UNI,29.97504,0.04295786847107525,0.015227654118353279
405,2021-04-03,0x1f9840a85d5af5bf1d1762f925bdaddc4201f984,UNI,30.443176,0.015496828592237255,0.014628987741059907
404,2021-04-04,0x1f9840a85d5af5bf1d1762f925bdaddc4201f984,UNI,29.7956,-0.021501132347131552,0.019056744485043173
403,2021-04-05,0x1f9840a85d5af5bf1d1762f925bdaddc4201f984,UNI,30.492973,0.023135532022932073,0.019529214258620666
402,2021-04-06,0x1f9840a85d5af5bf1d1762f925bdaddc4201f984,UNI,31.702991,0.038914766118447554,0.02072419165366945
401,2021-04-07,0x1f9840a85d5af5bf1d1762f925bdaddc4201f984,UNI,29.568062,-0.06971623742599681,0.03708454567961351
400,2021-04-08,0x1f9840a85d5af5bf1d1762f925bdaddc4201f984,UNI,29.206104,-0.012317063794466126,0.03697172990628424
399,2021-04-09,0x1f9840a85d5af5bf1d1762f925bdaddc4201f984,UNI,29.484356,0.009482089075474688,0.03341325363260432
398,2021-04-10,0x1f9840a85d5af5bf1d1762f925bdaddc4201f984,UNI,28.97813,-0.01731841004917195,0.03287706681724656
397,2021-04-11,0x1f9840a85d5af5bf1d1762f925bdaddc4201f984,UNI,36.742203,0.23738463233334645,0.09065557362316963
396,2021-04-12,0x1f9840a85d5af5bf1d1762f925bdaddc4201f984,UNI,36.860237,0.0032073420714055063,0.09113612151703147
395,2021-04-13,0x1f9840a85d5af5bf1d1762f925bdaddc4201f984,UNI,33.510628,-0.09527073970709536,0.10028594614219015
394,2021-04-14,0x1f9840a85d5af5bf1d1762f925bdaddc4201f984,UNI,36.453594,0.0841774121689306,0.09769111065659125
393,2021-04-15,0x1f9840a85d5af5bf1d1762f925bdaddc4201f984,UNI,37.623352,0.03158486702834002,0.09617656555734856
392,2021-04-16,0x1f9840a85d5af5bf1d1762f925bdaddc4201f984,UNI,37.209095,-0.011071700801523655,0.09725448261826157
391,2021-04-17,0x1f9840a85d5af5bf1d1762f925bdaddc4201f984,UNI,35.608166,-0.04397822706736435,0.0996523309610948
390,2021-04-18,0x1f9840a85d5af5bf1d1762f925bdaddc4201f984,UNI,34.151775,-0.04176043233642054,0.053728456865544845
389,2021-04-19,0x1f9840a85d5af5bf1d1762f925bdaddc4201f984,UNI,31.549955,-0.07924239856124574,0.05828853231164451
388,2021-04-20,0x1f9840a85d5af5bf1d1762f925bdaddc4201f984,UNI,31.600588,0.0016035653359274117,0.05024788330111932
387,2021-04-21,0x1f9840a85d5af5bf1d1762f925bdaddc4201f984,UNI,34.95452,0.10087205991391358,0.05477668816613172
386,2021-04-22,0x1f9840a85d5af5bf1d1762f925bdaddc4201f984,UNI,35.95728,0.028283779214448208,0.054464411455983804
385,2021-04-23,0x1f9840a85d5af5bf1d1762f925bdaddc4201f984,UNI,33.539097,-0.06961973418733854,0.05884794685472203
384,2021-04-24,0x1f9840a85d5af5bf1d1762f925bdaddc4201f984,UNI,30.647615,-0.09015698763051926,0.06409930692353562
383,2021-04-25,0x1f9840a85d5af5bf1d1762f925bdaddc4201f984,UNI,34.380283,0.11492838612559575,0.07877131866595663
382,2021-04-26,0x1f9840a85d5af5bf1d1762f925bdaddc4201f984,UNI,34.42024,0.0011615319985971068,0.07179305362902762
381,2021-04-27,0x1f9840a85d5af5bf1d1762f925bdaddc4201f984,UNI,38.57757,0.11402625604139052,0.07971083721658592
380,2021-04-28,0x1f9840a85d5af5bf1d1762f925bdaddc4201f984,UNI,42.650555,0.10036926725791238,0.07964578969917425
379,2021-04-29,0x1f9840a85d5af5bf1d1762f925bdaddc4201f984,UNI,42.290226,-0.008484291225598035,0.08068766509978835
378,2021-04-30,0x1f9840a85d5af5bf1d1762f925bdaddc4201f984,UNI,37.568607,-0.11838721408001025,0.08997041771784627
377,2021-05-01,0x1f9840a85d5af5bf1d1762f925bdaddc4201f984,UNI,40.036415,0.06362063353087026,0.07947948127486894
376,2021-05-02,0x1f9840a85d5af5bf1d1762f925bdaddc4201f984,UNI,43.381115,0.08023479318344527,0.07552199778309997
375,2021-05-03,0x1f9840a85d5af5bf1d1762f925bdaddc4201f984,UNI,41.91738,-0.03432367009781033,0.078630720363026
374,2021-05-04,0x1f9840a85d5af5bf1d1762f925bdaddc4201f984,UNI,45.834026,0.0893262029920126,0.07517618583621288
373,2021-05-05,0x1f9840a85d5af5bf1d1762f925bdaddc4201f984,UNI,39.616863,-0.14577188009910746,0.08799488054985202
372,2021-05-06,0x1f9840a85d5af5bf1d1762f925bdaddc4201f984,UNI,40.86696,0.031067051669784854,0.08920698440750786
371,2021-05-07,0x1f9840a85d5af5bf1d1762f925bdaddc4201f984,UNI,38.580116,-0.05758489840996443,0.08024273572530607
370,2021-05-08,0x1f9840a85d5af5bf1d1762f925bdaddc4201f984,UNI,39.468204,0.02275837151355564,0.07710316388321284
369,2021-05-09,0x1f9840a85d5af5bf1d1762f925bdaddc4201f984,UNI,39.8538,0.009722372555082683,0.06997237048411459
368,2021-05-10,0x1f9840a85d5af5bf1d1762f925bdaddc4201f984,UNI,38.067833,-0.0458481109670935,0.07060822305811433
367,2021-05-11,0x1f9840a85d5af5bf1d1762f925bdaddc4201f984,UNI,38.02655,-0.0010850473431212719,0.05764982216224117
366,2021-05-12,0x1f9840a85d5af5bf1d1762f925bdaddc4201f984,UNI,42.672253,0.11526429639773467,0.05277204352331228
365,2021-05-13,0x1f9840a85d5af5bf1d1762f925bdaddc4201f984,UNI,37.721592,-0.12331623376743868,0.06929042380327635
364,2021-05-14,0x1f9840a85d5af5bf1d1762f925bdaddc4201f984,UNI,40.232098,0.06443247213761438,0.07082054930299063
363,2021-05-15,0x1f9840a85d5af5bf1d1762f925bdaddc4201f984,UNI,38.813053,-0.03590852715932632,0.07180473699824105
362,2021-05-16,0x1f9840a85d5af5bf1d1762f925bdaddc4201f984,UNI,37.02381,-0.047195388387610976,0.07318207020233565
361,2021-05-17,0x1f9840a85d5af5bf1d1762f925bdaddc4201f984,UNI,35.612885,-0.03885370861530129,0.07273933466803408
360,2021-05-18,0x1f9840a85d5af5bf1d1762f925bdaddc4201f984,UNI,35.772873,0.004482358171974563,0.07285759150142693
359,2021-05-19,0x1f9840a85d5af5bf1d1762f925bdaddc4201f984,UNI,27.49941,-0.2630253188514566,0.0971063364038257
358,2021-05-20,0x1f9840a85d5af5bf1d1762f925bdaddc4201f984,UNI,24.196533,-0.12795519146042178,0.09753217781730464
357,2021-05-21,0x1f9840a85d5af5bf1d1762f925bdaddc4201f984,UNI,23.491894,-0.02955393296076145,0.08462031014627706
356,2021-05-22,0x1f9840a85d5af5bf1d1762f925bdaddc4201f984,UNI,20.320229,-0.14503853314391768,0.08568584768726929
355,2021-05-23,0x1f9840a85d5af5bf1d1762f925bdaddc4201f984,UNI,18.332802,-0.10292497800561967,0.08367682443340693
354,2021-05-24,0x1f9840a85d5af5bf1d1762f925bdaddc4201f984,UNI,22.433187,0.2018495106038953,0.13538695903958092
353,2021-05-25,0x1f9840a85d5af5bf1d1762f925bdaddc4201f984,UNI,25.517536,0.1288244771609396,0.15075685547493659
352,2021-05-26,0x1f9840a85d5af5bf1d1762f925bdaddc4201f984,UNI,28.497618,0.11045460274328806,0.12996332574209335
351,2021-05-27,0x1f9840a85d5af5bf1d1762f925bdaddc4201f984,UNI,29.2096,0.02467691753113383,0.11807181510816228
350,2021-05-28,0x1f9840a85d5af5bf1d1762f925bdaddc4201f984,UNI,28.21936,-0.03448915514905712,0.11842101657392866
349,2021-05-29,0x1f9840a85d5af5bf1d1762f925bdaddc4201f984,UNI,23.939354,-0.16448455157763323,0.122561028553094
348,2021-05-30,0x1f9840a85d5af5bf1d1762f925bdaddc4201f984,UNI,25.090199,0.04695357615490372,0.11118295956717936
347,2021-05-31,0x1f9840a85d5af5bf1d1762f925bdaddc4201f984,UNI,27.054235,0.07536626316664907,0.09298430748172981
346,2021-06-01,0x1f9840a85d5af5bf1d1762f925bdaddc4201f984,UNI,27.86287,0.029451423161030343,0.08341071712453679
345,2021-06-02,0x1f9840a85d5af5bf1d1762f925bdaddc4201f984,UNI,27.0068,-0.031206291974520947,0.07384066500956357
344,2021-06-03,0x1f9840a85d5af5bf1d1762f925bdaddc4201f984,UNI,27.608557,0.022037074756860186,0.07368103729717372
343,2021-06-04,0x1f9840a85d5af5bf1d1762f925bdaddc4201f984,UNI,28.114561,0.018161866277881022,0.0732847743747132
342,2021-06-05,0x1f9840a85d5af5bf1d1762f925bdaddc4201f984,UNI,26.695244,-0.051802204982747464,0.04058288178427963
341,2021-06-06,0x1f9840a85d5af5bf1d1762f925bdaddc4201f984,UNI,25.588854,-0.04232855614832282,0.04268928812696035
340,2021-06-07,0x1f9840a85d5af5bf1d1762f925bdaddc4201f984,UNI,25.547112,-0.0016325890576277028,0.030857248279598747
339,2021-06-08,0x1f9840a85d5af5bf1d1762f925bdaddc4201f984,UNI,23.52435,-0.08248822208380646,0.035814624345125376
338,2021-06-09,0x1f9840a85d5af5bf1d1762f925bdaddc4201f984,UNI,22.578259,-0.04104860279171817,0.03625338703802446
337,2021-06-10,0x1f9840a85d5af5bf1d1762f925bdaddc4201f984,UNI,24.107185,0.06552247672660033,0.046233575062112904
336,2021-06-11,0x1f9840a85d5af5bf1d1762f925bdaddc4201f984,UNI,21.624968,-0.10866135579588407,0.05241106840101784
335,2021-06-12,0x1f9840a85d5af5bf1d1762f925bdaddc4201f984,UNI,22.313623,0.03134881575746993,0.05703992538896879
334,2021-06-13,0x1f9840a85d5af5bf1d1762f925bdaddc4201f984,UNI,21.360811,-0.04363940726951632,0.0570966208602622
333,2021-06-14,0x1f9840a85d5af5bf1d1762f925bdaddc4201f984,UNI,23.40015,0.09118445106350474,0.0703975674778602
332,2021-06-15,0x1f9840a85d5af5bf1d1762f925bdaddc4201f984,UNI,23.744215,0.014596489263591498,0.06457323349542057
331,2021-06-16,0x1f9840a85d5af5bf1d1762f925bdaddc4201f984,UNI,22.94771,-0.03412077247020244,0.06396638223856857
330,2021-06-17,0x1f9840a85d5af5bf1d1762f925bdaddc4201f984,UNI,22.31264,-0.028064815362932535,0.05894197594477617
329,2021-06-18,0x1f9840a85d5af5bf1d1762f925bdaddc4201f984,UNI,21.723448,-0.026761103865350536,0.04484875555880992
328,2021-06-19,0x1f9840a85d5af5bf1d1762f925bdaddc4201f984,UNI,20.06436,-0.0794471232913505,0.05042551798461673
327,2021-06-20,0x1f9840a85d5af5bf1d1762f925bdaddc4201f984,UNI,20.714563,0.03189187260928713,0.0512553697510086
326,2021-06-21,0x1f9840a85d5af5bf1d1762f925bdaddc4201f984,UNI,18.00949,-0.1399381382969819,0.05344972769252408
325,2021-06-22,0x1f9840a85d5af5bf1d1762f925bdaddc4201f984,UNI,15.950786,-0.12139073417203226,0.05568462125265799
324,2021-06-23,0x1f9840a85d5af5bf1d1762f925bdaddc4201f984,UNI,17.204395,0.07565676742116552,0.07272407716658952
323,2021-06-24,0x1f9840a85d5af5bf1d1762f925bdaddc4201f984,UNI,17.553333,0.0200789719755935,0.07584592657604598
322,2021-06-25,0x1f9840a85d5af5bf1d1762f925bdaddc4201f984,UNI,17.652231,0.005618331247193597,0.07713932884106774
321,2021-06-26,0x1f9840a85d5af5bf1d1762f925bdaddc4201f984,UNI,15.937709,-0.10217424109935049,0.07960589095666924
320,2021-06-27,0x1f9840a85d5af5bf1d1762f925bdaddc4201f984,UNI,15.766043,-0.010829486536103501,0.07595919775977396
319,2021-06-28,0x1f9840a85d5af5bf1d1762f925bdaddc4201f984,UNI,17.80476,0.12160738725711599,0.08125877899919416
318,2021-06-29,0x1f9840a85d5af5bf1d1762f925bdaddc4201f984,UNI,17.8963,0.005128150290733659,0.06506927796516752
317,2021-06-30,0x1f9840a85d5af5bf1d1762f925bdaddc4201f984,UNI,19.681154,0.09506754054643961,0.06788633680644098
316,2021-07-01,0x1f9840a85d5af5bf1d1762f925bdaddc4201f984,UNI,18.773836,-0.04719732972493682,0.07173660941376149
315,2021-07-02,0x1f9840a85d5af5bf1d1762f925bdaddc4201f984,UNI,18.135033,-0.03461860597249926,0.07341794837853581
314,2021-07-03,0x1f9840a85d5af5bf1d1762f925bdaddc4201f984,UNI,19.01244,0.04724790934299057,0.05997929388466976
313,2021-07-04,0x1f9840a85d5af5bf1d1762f925bdaddc4201f984,UNI,20.440973,0.07244786518036404,0.05991182004580326
312,2021-07-05,0x1f9840a85d5af5bf1d1762f925bdaddc4201f984,UNI,21.066637,0.030149237313607077,0.0490443088129974
311,2021-07-06,0x1f9840a85d5af5bf1d1762f925bdaddc4201f984,UNI,22.203249,0.052548025265408464,0.04923989733314288
310,2021-07-07,0x1f9840a85d5af5bf1d1762f925bdaddc4201f984,UNI,22.506891,0.013582899465708297,0.04173143434075382
309,2021-07-08,0x1f9840a85d5af5bf1d1762f925bdaddc4201f984,UNI,21.079733,-0.06550947142818803,0.04614962748873296
308,2021-07-09,0x1f9840a85d5af5bf1d1762f925bdaddc4201f984,UNI,20.451094,-0.03027568016833981,0.04548193225996839
307,2021-07-10,0x1f9840a85d5af5bf1d1762f925bdaddc4201f984,UNI,20.514248,0.003083291726557768,0.04390796052281935
306,2021-07-11,0x1f9840a85d5af5bf1d1762f925bdaddc4201f984,UNI,20.302603,-0.010370564688609987,0.03620051083708514
305,2021-07-12,0x1f9840a85d5af5bf1d1762f925bdaddc4201f984,UNI,20.270233,-0.0015956492106243628,0.033935527808123894
304,2021-07-13,0x1f9840a85d5af5bf1d1762f925bdaddc4201f984,UNI,18.70459,-0.08038450693081776,0.033324398297639106
303,2021-07-14,0x1f9840a85d5af5bf1d1762f925bdaddc4201f984,UNI,17.782162,-0.0505731282932135,0.03027414214540905
302,2021-07-15,0x1f9840a85d5af5bf1d1762f925bdaddc4201f984,UNI,17.538706,-0.013785610001489458,0.027810991449112712
301,2021-07-16,0x1f9840a85d5af5bf1d1762f925bdaddc4201f984,UNI,16.436626,-0.06489807257056547,0.030981284081713634
300,2021-07-17,0x1f9840a85d5af5bf1d1762f925bdaddc4201f984,UNI,16.038628,-0.024512074801347074,0.027975750001239818
299,2021-07-18,0x1f9840a85d5af5bf1d1762f925bdaddc4201f984,UNI,16.33703,0.01843424774480209,0.03298872347453072
298,2021-07-19,0x1f9840a85d5af5bf1d1762f925bdaddc4201f984,UNI,16.375607,0.002358539171434549,0.03351777654573474
297,2021-07-20,0x1f9840a85d5af5bf1d1762f925bdaddc4201f984,UNI,15.212968,-0.07364462752194137,0.03213882034130714
296,2021-07-21,0x1f9840a85d5af5bf1d1762f925bdaddc4201f984,UNI,15.582693,0.024012653298603998,0.03557227373455733
295,2021-07-22,0x1f9840a85d5af5bf1d1762f925bdaddc4201f984,UNI,17.606089,0.12208393280755067,0.06101581828930507
294,2021-07-23,0x1f9840a85d5af5bf1d1762f925bdaddc4201f984,UNI,18.009636,0.022662139868936004,0.05499498234229819
293,2021-07-24,0x1f9840a85d5af5bf1d1762f925bdaddc4201f984,UNI,17.933514,-0.004235695191402178,0.05345228806321797
292,2021-07-25,0x1f9840a85d5af5bf1d1762f925bdaddc4201f984,UNI,17.834183,-0.005554243839641509,0.05395001539342416
291,2021-07-26,0x1f9840a85d5af5bf1d1762f925bdaddc4201f984,UNI,17.60113,-0.013153904430146824,0.0546363770717443
290,2021-07-27,0x1f9840a85d5af5bf1d1762f925bdaddc4201f984,UNI,17.882645,0.015867584924941128,0.042651080883207855
289,2021-07-28,0x1f9840a85d5af5bf1d1762f925bdaddc4201f984,UNI,18.630938,0.0409928427921798,0.04311449756455816
288,2021-07-29,0x1f9840a85d5af5bf1d1762f925bdaddc4201f984,UNI,19.550837,0.04819456656848639,0.022110411634713435
287,2021-07-30,0x1f9840a85d5af5bf1d1762f925bdaddc4201f984,UNI,20.101217,0.027762261681655458,0.022433627559682992
286,2021-07-31,0x1f9840a85d5af5bf1d1762f925bdaddc4201f984,UNI,21.983828,0.08952673164162532,0.03233889056127489
285,2021-08-01,0x1f9840a85d5af5bf1d1762f925bdaddc4201f984,UNI,23.032017,0.04657819927568523,0.029369316978560413
284,2021-08-02,0x1f9840a85d5af5bf1d1762f925bdaddc4201f984,UNI,22.833277,-0.00866630196936868,0.028307397173699754
283,2021-08-03,0x1f9840a85d5af5bf1d1762f925bdaddc4201f984,UNI,21.896734,-0.041881496162723096,0.03951341914286474
282,2021-08-04,0x1f9840a85d5af5bf1d1762f925bdaddc4201f984,UNI,22.645004,0.0336017603665776,0.03927499104579399
281,2021-08-05,0x1f9840a85d5af5bf1d1762f925bdaddc4201f984,UNI,24.627697,0.08393245025600718,0.043662447936572556
280,2021-08-06,0x1f9840a85d5af5bf1d1762f925bdaddc4201f984,UNI,25.012486,0.015503436285951583,0.04408041386645571
279,2021-08-07,0x1f9840a85d5af5bf1d1762f925bdaddc4201f984,UNI,27.122002,0.08097014021707008,0.04253848056774277
278,2021-08-08,0x1f9840a85d5af5bf1d1762f925bdaddc4201f984,UNI,27.123405,5.1727881784261705e-05,0.04306138743263644
277,2021-08-09,0x1f9840a85d5af5bf1d1762f925bdaddc4201f984,UNI,26.848726,-0.010178637248837002,0.043225005111263176
276,2021-08-10,0x1f9840a85d5af5bf1d1762f925bdaddc4201f984,UNI,29.360247,0.08942324547789438,0.039244223020407504
275,2021-08-11,0x1f9840a85d5af5bf1d1762f925bdaddc4201f984,UNI,28.997978,-0.012415513099764585,0.043686576718143084
274,2021-08-12,0x1f9840a85d5af5bf1d1762f925bdaddc4201f984,UNI,28.774948,-0.007720955935628624,0.04079592023254025
273,2021-08-13,0x1f9840a85d5af5bf1d1762f925bdaddc4201f984,UNI,28.463142,-0.010895160351868265,0.042431122397250366
272,2021-08-14,0x1f9840a85d5af5bf1d1762f925bdaddc4201f984,UNI,30.509468,0.06942707454041572,0.04013181928589522
271,2021-08-15,0x1f9840a85d5af5bf1d1762f925bdaddc4201f984,UNI,30.241873,-0.008809574446669336,0.04077516920357995
270,2021-08-16,0x1f9840a85d5af5bf1d1762f925bdaddc4201f984,UNI,29.804447,-0.014569876658091974,0.04119772177549872
269,2021-08-17,0x1f9840a85d5af5bf1d1762f925bdaddc4201f984,UNI,27.347927,-0.08601687981727521,0.0416125221880853
268,2021-08-18,0x1f9840a85d5af5bf1d1762f925bdaddc4201f984,UNI,26.364841,-0.0366093885068852,0.04264956824282592
267,2021-08-19,0x1f9840a85d5af5bf1d1762f925bdaddc4201f984,UNI,26.629799,0.009999509677323482,0.043441894856779746
266,2021-08-20,0x1f9840a85d5af5bf1d1762f925bdaddc4201f984,UNI,27.284142,0.024274802375373696,0.04517070878703423
265,2021-08-21,0x1f9840a85d5af5bf1d1762f925bdaddc4201f984,UNI,28.364374,0.03882826678881099,0.03866830472133601
264,2021-08-22,0x1f9840a85d5af5bf1d1762f925bdaddc4201f984,UNI,28.220058,-0.0051009193807082555,0.0387120500746668
263,2021-08-23,0x1f9840a85d5af5bf1d1762f925bdaddc4201f984,UNI,28.578121,0.012608423361489662,0.03940420376606906
262,2021-08-24,0x1f9840a85d5af5bf1d1762f925bdaddc4201f984,UNI,27.604628,-0.03465798523837836,0.026486751547601797
261,2021-08-25,0x1f9840a85d5af5bf1d1762f925bdaddc4201f984,UNI,26.491076,-0.041175518265017655,0.027451833407935968
260,2021-08-26,0x1f9840a85d5af5bf1d1762f925bdaddc4201f984,UNI,26.823366,0.012465451773757087,0.027584636868762637
259,2021-08-27,0x1f9840a85d5af5bf1d1762f925bdaddc4201f984,UNI,26.1395,-0.025825793094739292,0.027121900136207147
258,2021-08-28,0x1f9840a85d5af5bf1d1762f925bdaddc4201f984,UNI,26.95153,0.03059248730356695,0.0252612352729323
257,2021-08-29,0x1f9840a85d5af5bf1d1762f925bdaddc4201f984,UNI,26.794714,-0.005835438286468149,0.025253410671918945
256,2021-08-30,0x1f9840a85d5af5bf1d1762f925bdaddc4201f984,UNI,26.836887,0.001572692513595569,0.024280585441485987
255,2021-08-31,0x1f9840a85d5af5bf1d1762f925bdaddc4201f984,UNI,29.447474,0.09283081215286432,0.040551812472299005
254,2021-09-01,0x1f9840a85d5af5bf1d1762f925bdaddc4201f984,UNI,30.28189,0.027941710135443786,0.035127954309537815
253,2021-09-02,0x1f9840a85d5af5bf1d1762f925bdaddc4201f984,UNI,29.743004,-0.017955899385209292,0.0374835024227582
252,2021-09-03,0x1f9840a85d5af5bf1d1762f925bdaddc4201f984,UNI,28.317009,-0.049131295832258746,0.041734523585563
251,2021-09-04,0x1f9840a85d5af5bf1d1762f925bdaddc4201f984,UNI,28.671906,0.012455109486179288,0.04102137854367941
250,2021-09-05,0x1f9840a85d5af5bf1d1762f925bdaddc4201f984,UNI,28.356888,-0.011047794701321082,0.041327171443261174
249,2021-09-06,0x1f9840a85d5af5bf1d1762f925bdaddc4201f984,UNI,28.492882,0.0047843380688159815,0.04127000268835346
248,2021-09-07,0x1f9840a85d5af5bf1d1762f925bdaddc4201f984,UNI,27.375648,-0.0400004426054369,0.025792618603552836
247,2021-09-08,0x1f9840a85d5af5bf1d1762f925bdaddc4201f984,UNI,23.553974,-0.1503593055171154,0.0510264189072094
246,2021-09-09,0x1f9840a85d5af5bf1d1762f925bdaddc4201f984,UNI,23.101965,-0.01937687472727069,0.05095743406598056
245,2021-09-10,0x1f9840a85d5af5bf1d1762f925bdaddc4201f984,UNI,23.106424,0.0001929952595334482,0.05206602657569129
244,2021-09-11,0x1f9840a85d5af5bf1d1762f925bdaddc4201f984,UNI,22.502556,-0.026481771346146925,0.04934342426079109
243,2021-09-12,0x1f9840a85d5af5bf1d1762f925bdaddc4201f984,UNI,23.246363,0.032519786930989884,0.054410763230147624
242,2021-09-13,0x1f9840a85d5af5bf1d1762f925bdaddc4201f984,UNI,23.31807,0.0030799067899457016,0.05426538708870917
241,2021-09-14,0x1f9840a85d5af5bf1d1762f925bdaddc4201f984,UNI,24.6461,0.05539007648192348,0.06122993277150363
240,2021-09-15,0x1f9840a85d5af5bf1d1762f925bdaddc4201f984,UNI,26.887197,0.0870315523919818,0.03832899676525295
239,2021-09-16,0x1f9840a85d5af5bf1d1762f925bdaddc4201f984,UNI,26.459225,-0.016045356588935012,0.037868577615379796
238,2021-09-17,0x1f9840a85d5af5bf1d1762f925bdaddc4201f984,UNI,24.611965,-0.07237216195759075,0.04976637253112921
237,2021-09-18,0x1f9840a85d5af5bf1d1762f925bdaddc4201f984,UNI,23.935959,-0.027850817917167862,0.04990798605719408
236,2021-09-19,0x1f9840a85d5af5bf1d1762f925bdaddc4201f984,UNI,24.35872,0.01750800741562754,0.04916054372625363
235,2021-09-20,0x1f9840a85d5af5bf1d1762f925bdaddc4201f984,UNI,22.969269,-0.058732704228964275,0.054296822194434276
234,2021-09-21,0x1f9840a85d5af5bf1d1762f925bdaddc4201f984,UNI,20.030365,-0.1369078198984965,0.06568540584037341
233,2021-09-22,0x1f9840a85d5af5bf1d1762f925bdaddc4201f984,UNI,19.99663,-0.0016856128214260595,0.04818064165688384
232,2021-09-23,0x1f9840a85d5af5bf1d1762f925bdaddc4201f984,UNI,20.883945,0.043416922593470346,0.05657152899519433
231,2021-09-24,0x1f9840a85d5af5bf1d1762f925bdaddc4201f984,UNI,20.566616,-0.015311503242768719,0.05449985733885831
230,2021-09-25,0x1f9840a85d5af5bf1d1762f925bdaddc4201f984,UNI,19.532183,-0.051605663311228726,0.055265319726890874
229,2021-09-26,0x1f9840a85d5af5bf1d1762f925bdaddc4201f984,UNI,23.432413,0.18205671944380508,0.09251151372447382
228,2021-09-27,0x1f9840a85d5af5bf1d1762f925bdaddc4201f984,UNI,22.82119,-0.026430744525975665,0.09052739577035955
227,2021-09-28,0x1f9840a85d5af5bf1d1762f925bdaddc4201f984,UNI,23.517836,0.030069621681246116,0.07156654266812952
226,2021-09-29,0x1f9840a85d5af5bf1d1762f925bdaddc4201f984,UNI,22.697193,-0.03551785154120918,0.07416111172863434
225,2021-09-30,0x1f9840a85d5af5bf1d1762f925bdaddc4201f984,UNI,22.192013,-0.022508811084622674,0.07453274695317536
224,2021-10-01,0x1f9840a85d5af5bf1d1762f925bdaddc4201f984,UNI,23.328337,0.049936352512037284,0.07502797307590374
223,2021-10-02,0x1f9840a85d5af5bf1d1762f925bdaddc4201f984,UNI,26.400295,0.12370638245123831,0.07685112770757868
222,2021-10-03,0x1f9840a85d5af5bf1d1762f925bdaddc4201f984,UNI,25.772758,-0.02405714172367893,0.054052784804808525
221,2021-10-04,0x1f9840a85d5af5bf1d1762f925bdaddc4201f984,UNI,24.78172,-0.039211758001233624,0.055568749898791736
220,2021-10-05,0x1f9840a85d5af5bf1d1762f925bdaddc4201f984,UNI,24.51928,-0.010646537755130116,0.055480123975662356
219,2021-10-06,0x1f9840a85d5af5bf1d1762f925bdaddc4201f984,UNI,23.569847,-0.03949152122775265,0.05592017269603165
218,2021-10-07,0x1f9840a85d5af5bf1d1762f925bdaddc4201f984,UNI,26.331547,0.11079950043047823,0.06511930292644967
217,2021-10-08,0x1f9840a85d5af5bf1d1762f925bdaddc4201f984,UNI,24.713907,-0.06340160442931152,0.07062297296741725
216,2021-10-09,0x1f9840a85d5af5bf1d1762f925bdaddc4201f984,UNI,24.73917,0.0010216958672800776,0.05275717529436602
215,2021-10-10,0x1f9840a85d5af5bf1d1762f925bdaddc4201f984,UNI,24.400734,-0.013774603678998706,0.0524677457251446
214,2021-10-11,0x1f9840a85d5af5bf1d1762f925bdaddc4201f984,UNI,22.954365,-0.061105099313911504,0.054844788366699135
213,2021-10-12,0x1f9840a85d5af5bf1d1762f925bdaddc4201f984,UNI,23.911016,0.0408311587483272,0.057764948505805706
212,2021-10-13,0x1f9840a85d5af5bf1d1762f925bdaddc4201f984,UNI,24.168858,0.010725671695449298,0.05595043102870353
211,2021-10-14,0x1f9840a85d5af5bf1d1762f925bdaddc4201f984,UNI,26.1967,0.08056850369190073,0.048127986647662234
210,2021-10-15,0x1f9840a85d5af5bf1d1762f925bdaddc4201f984,UNI,24.113935,-0.08284355947376339,0.05206437631180641
209,2021-10-16,0x1f9840a85d5af5bf1d1762f925bdaddc4201f984,UNI,27.402487,0.12784388653644133,0.06960165495114497
208,2021-10-17,0x1f9840a85d5af5bf1d1762f925bdaddc4201f984,UNI,25.782375,-0.06094265675180737,0.07415726016154821
207,2021-10-18,0x1f9840a85d5af5bf1d1762f925bdaddc4201f984,UNI,25.634449,-0.005754007992990827,0.06916404678194704
206,2021-10-19,0x1f9840a85d5af5bf1d1762f925bdaddc4201f984,UNI,25.121,-0.020232961228720026,0.06930450401937015
205,2021-10-20,0x1f9840a85d5af5bf1d1762f925bdaddc4201f984,UNI,26.435461,0.05100217881183847,0.07102129436919531
204,2021-10-21,0x1f9840a85d5af5bf1d1762f925bdaddc4201f984,UNI,27.702515,0.046816874758893554,0.06730570725742567
203,2021-10-22,0x1f9840a85d5af5bf1d1762f925bdaddc4201f984,UNI,26.40422,-0.04799935743286222,0.061436884452929226
202,2021-10-23,0x1f9840a85d5af5bf1d1762f925bdaddc4201f984,UNI,26.642937,0.009000241480388683,0.04003854246815482
201,2021-10-24,0x1f9840a85d5af5bf1d1762f925bdaddc4201f984,UNI,26.048094,-0.02257948880712277,0.03404887283376145
200,2021-10-25,0x1f9840a85d5af5bf1d1762f925bdaddc4201f984,UNI,25.81202,-0.009104323629273088,0.03417031239149993
199,2021-10-26,0x1f9840a85d5af5bf1d1762f925bdaddc4201f984,UNI,27.82737,0.07517979382985934,0.041278152878646716
198,2021-10-27,0x1f9840a85d5af5bf1d1762f925bdaddc4201f984,UNI,25.201038,-0.09913488459129954,0.05388150575833917
197,2021-10-28,0x1f9840a85d5af5bf1d1762f925bdaddc4201f984,UNI,24.052193,-0.04665900671941083,0.0504017190403207
196,2021-10-29,0x1f9840a85d5af5bf1d1762f925bdaddc4201f984,UNI,24.813824,0.031174739799462767,0.05175637685231611
195,2021-10-30,0x1f9840a85d5af5bf1d1762f925bdaddc4201f984,UNI,25.022276,0.008365550902401365,0.05172552972836935
194,2021-10-31,0x1f9840a85d5af5bf1d1762f925bdaddc4201f984,UNI,25.174566,0.006067731003583186,0.05161966058637259
193,2021-11-01,0x1f9840a85d5af5bf1d1762f925bdaddc4201f984,UNI,25.83847,0.02603026750377271,0.05266183061751674
192,2021-11-02,0x1f9840a85d5af5bf1d1762f925bdaddc4201f984,UNI,25.436462,-0.015680810161648427,0.0428518626854393
191,2021-11-03,0x1f9840a85d5af5bf1d1762f925bdaddc4201f984,UNI,26.918644,0.056635475563392046,0.03108910248547013
190,2021-11-04,0x1f9840a85d5af5bf1d1762f925bdaddc4201f984,UNI,26.52257,-0.014823063420464307,0.02409464261872957
189,2021-11-05,0x1f9840a85d5af5bf1d1762f925bdaddc4201f984,UNI,25.853636,-0.025544819913040355,0.02637468414048902
188,2021-11-06,0x1f9840a85d5af5bf1d1762f925bdaddc4201f984,UNI,25.699593,-0.005976093503413173,0.026656342325668207
187,2021-11-07,0x1f9840a85d5af5bf1d1762f925bdaddc4201f984,UNI,25.197674,-0.019723466529876343,0.027846285542792695
186,2021-11-08,0x1f9840a85d5af5bf1d1762f925bdaddc4201f984,UNI,24.549406,-0.026064030241557287,0.02687440680679874
185,2021-11-09,0x1f9840a85d5af5bf1d1762f925bdaddc4201f984,UNI,26.541033,0.07800429209945126,0.039660044254896464
184,2021-11-10,0x1f9840a85d5af5bf1d1762f925bdaddc4201f984,UNI,25.955046,-0.022325908952086214,0.034578289605987064
183,2021-11-11,0x1f9840a85d5af5bf1d1762f925bdaddc4201f984,UNI,25.45774,-0.01934621907941727,0.03479352902371683
182,2021-11-12,0x1f9840a85d5af5bf1d1762f925bdaddc4201f984,UNI,24.906261,-0.021900604849811194,0.03452120209684073
181,2021-11-13,0x1f9840a85d5af5bf1d1762f925bdaddc4201f984,UNI,24.714844,-0.007715182863901515,0.034531191720403635
180,2021-11-14,0x1f9840a85d5af5bf1d1762f925bdaddc4201f984,UNI,24.375008,-0.013845689693714962,0.03424739740163053
179,2021-11-15,0x1f9840a85d5af5bf1d1762f925bdaddc4201f984,UNI,24.678764,0.012384771656827734,0.033461475778460155
178,2021-11-16,0x1f9840a85d5af5bf1d1762f925bdaddc4201f984,UNI,23.068607,-0.0674704278309513,0.022362116990001926
177,2021-11-17,0x1f9840a85d5af5bf1d1762f925bdaddc4201f984,UNI,21.953709,-0.04953658872528653,0.024669156763699473
176,2021-11-18,0x1f9840a85d5af5bf1d1762f925bdaddc4201f984,UNI,21.374304,-0.02674664730039405,0.02460905476950261
175,2021-11-19,0x1f9840a85d5af5bf1d1762f925bdaddc4201f984,UNI,20.802652,-0.027108974309343066,0.024583553401859158
174,2021-11-20,0x1f9840a85d5af5bf1d1762f925bdaddc4201f984,UNI,21.50833,0.03335982337802736,0.03197247180211258
173,2021-11-21,0x1f9840a85d5af5bf1d1762f925bdaddc4201f984,UNI,22.20424,0.03184295967490196,0.03682730887088161
172,2021-11-22,0x1f9840a85d5af5bf1d1762f925bdaddc4201f984,UNI,22.019512,-0.008354292255014963,0.03544820310325353
171,2021-11-23,0x1f9840a85d5af5bf1d1762f925bdaddc4201f984,UNI,21.739952,-0.012777295598810082,0.028688840033325884
170,2021-11-24,0x1f9840a85d5af5bf1d1762f925bdaddc4201f984,UNI,21.010744,-0.03411774784030298,0.025908803633136513
169,2021-11-25,0x1f9840a85d5af5bf1d1762f925bdaddc4201f984,UNI,20.715466,-0.014153354886292737,0.02483978630099971
168,2021-11-26,0x1f9840a85d5af5bf1d1762f925bdaddc4201f984,UNI,21.128426,0.019738766556332357,0.024140566692648083
167,2021-11-27,0x1f9840a85d5af5bf1d1762f925bdaddc4201f984,UNI,19.127707,-0.09948142542861148,0.03951825201420936
166,2021-11-28,0x1f9840a85d5af5bf1d1762f925bdaddc4201f984,UNI,19.185942,0.0030399111734872915,0.035543259149394
165,2021-11-29,0x1f9840a85d5af5bf1d1762f925bdaddc4201f984,UNI,20.085838,0.045837166265939734,0.04262322376030053
164,2021-11-30,0x1f9840a85d5af5bf1d1762f925bdaddc4201f984,UNI,20.300203,0.01061589637824734,0.04342936280078239
163,2021-12-01,0x1f9840a85d5af5bf1d1762f925bdaddc4201f984,UNI,21.142977,0.04067690761391038,0.0452902737048492
162,2021-12-02,0x1f9840a85d5af5bf1d1762f925bdaddc4201f984,UNI,22.681948,0.07026157221206529,0.05060425431124478
161,2021-12-03,0x1f9840a85d5af5bf1d1762f925bdaddc4201f984,UNI,21.125051,-0.07110977838221097,0.05826961277548443
160,2021-12-04,0x1f9840a85d5af5bf1d1762f925bdaddc4201f984,UNI,18.730965,-0.12028155068963818,0.06355624731032036
159,2021-12-05,0x1f9840a85d5af5bf1d1762f925bdaddc4201f984,UNI,16.45501,-0.129548046638731,0.07722310622505696
158,2021-12-06,0x1f9840a85d5af5bf1d1762f925bdaddc4201f984,UNI,16.931602,0.02855182648141716,0.07526810441827106
157,2021-12-07,0x1f9840a85d5af5bf1d1762f925bdaddc4201f984,UNI,17.099916,0.009891734621292527,0.07522038200594586
156,2021-12-08,0x1f9840a85d5af5bf1d1762f925bdaddc4201f984,UNI,18.650496,0.08679918969459474,0.08232607813190748
155,2021-12-09,0x1f9840a85d5af5bf1d1762f925bdaddc4201f984,UNI,17.19905,-0.08101859117454799,0.07595050491206344
154,2021-12-10,0x1f9840a85d5af5bf1d1762f925bdaddc4201f984,UNI,15.471924,-0.1058271231362959,0.0789259543656127
153,2021-12-11,0x1f9840a85d5af5bf1d1762f925bdaddc4201f984,UNI,15.244045,-0.014838091611233936,0.07285187095006838
152,2021-12-12,0x1f9840a85d5af5bf1d1762f925bdaddc4201f984,UNI,15.72799,0.03125299260749596,0.06223888821565335
151,2021-12-13,0x1f9840a85d5af5bf1d1762f925bdaddc4201f984,UNI,15.142453,-0.03793967157450052,0.06123714376366293
150,2021-12-14,0x1f9840a85d5af5bf1d1762f925bdaddc4201f984,UNI,14.45344,-0.04656980751151017,0.06101966875537435
149,2021-12-15,0x1f9840a85d5af5bf1d1762f925bdaddc4201f984,UNI,15.076502,0.042204924297692785,0.050546359096242326
148,2021-12-16,0x1f9840a85d5af5bf1d1762f925bdaddc4201f984,UNI,14.806336,-0.018082175541495077,0.046147294756113795
147,2021-12-17,0x1f9840a85d5af5bf1d1762f925bdaddc4201f984,UNI,15.4139185,0.0402157026747121,0.034905161532204076
146,2021-12-18,0x1f9840a85d5af5bf1d1762f925bdaddc4201f984,UNI,15.399658,-0.0009255985599801594,0.03442706454238453
145,2021-12-19,0x1f9840a85d5af5bf1d1762f925bdaddc4201f984,UNI,15.040282,-0.023613233034864397,0.03296440341519287
144,2021-12-20,0x1f9840a85d5af5bf1d1762f925bdaddc4201f984,UNI,14.479291,-0.03801264667552223,0.03297439030761354
143,2021-12-21,0x1f9840a85d5af5bf1d1762f925bdaddc4201f984,UNI,14.457854,-0.0014816253587952078,0.028613453771987703
142,2021-12-22,0x1f9840a85d5af5bf1d1762f925bdaddc4201f984,UNI,16.325058,0.1214634316776643,0.05042517400267634
141,2021-12-23,0x1f9840a85d5af5bf1d1762f925bdaddc4201f984,UNI,17.44681,0.06645559592482864,0.05202411955761924
140,2021-12-24,0x1f9840a85d5af5bf1d1762f925bdaddc4201f984,UNI,17.504211,0.0032846566403957186,0.051928194665522606
139,2021-12-25,0x1f9840a85d5af5bf1d1762f925bdaddc4201f984,UNI,17.574928,0.00403186040554402,0.051696260581977294
138,2021-12-26,0x1f9840a85d5af5bf1d1762f925bdaddc4201f984,UNI,18.584888,0.05587543640567865,0.04981193390135946
137,2021-12-27,0x1f9840a85d5af5bf1d1762f925bdaddc4201f984,UNI,19.161356,0.030546765115343794,0.0414729286960298
136,2021-12-28,0x1f9840a85d5af5bf1d1762f925bdaddc4201f984,UNI,19.72217,0.028847841207369277,0.03837918890181739
135,2021-12-29,0x1f9840a85d5af5bf1d1762f925bdaddc4201f984,UNI,17.46979,-0.1212702802214587,0.05779408327076627
134,2021-12-30,0x1f9840a85d5af5bf1d1762f925bdaddc4201f984,UNI,17.486166,0.0009369505556082216,0.05294342736962309
133,2021-12-31,0x1f9840a85d5af5bf1d1762f925bdaddc4201f984,UNI,17.410496,-0.004336811274364834,0.052949670055195894
132,2022-01-01,0x1f9840a85d5af5bf1d1762f925bdaddc4201f984,UNI,16.959015,-0.026273691901220204,0.053615080497211275
131,2022-01-02,0x1f9840a85d5af5bf1d1762f925bdaddc4201f984,UNI,18.56794,0.09063688675413853,0.06023371468370241
130,2022-01-03,0x1f9840a85d5af5bf1d1762f925bdaddc4201f984,UNI,18.791399,0.01196282754972384,0.059224180987299264
129,2022-01-04,0x1f9840a85d5af5bf1d1762f925bdaddc4201f984,UNI,18.546383,-0.013124481632658839,0.05782623012282078
128,2022-01-05,0x1f9840a85d5af5bf1d1762f925bdaddc4201f984,UNI,18.190998,-0.0193479271825945,0.03660787365271617
127,2022-01-06,0x1f9840a85d5af5bf1d1762f925bdaddc4201f984,UNI,17.277723,-0.05150887247555776,0.04182699623819254
126,2022-01-07,0x1f9840a85d5af5bf1d1762f925bdaddc4201f984,UNI,17.119612,-0.00919327695466527,0.04190496501484281
125,2022-01-08,0x1f9840a85d5af5bf1d1762f925bdaddc4201f984,UNI,15.766669,-0.08232655208406206,0.05022927396975901
124,2022-01-09,0x1f9840a85d5af5bf1d1762f925bdaddc4201f984,UNI,15.755089,-0.0007347306277102792,0.03011998825843315
123,2022-01-10,0x1f9840a85d5af5bf1d1762f925bdaddc4201f984,UNI,15.156267,-0.038749314406987576,0.026622561291748906
122,2022-01-11,0x1f9840a85d5af5bf1d1762f925bdaddc4201f984,UNI,15.635462,0.031127429775210082,0.03421859746646499
121,2022-01-12,0x1f9840a85d5af5bf1d1762f925bdaddc4201f984,UNI,15.850667,0.01367004189497154,0.036769204668841315
120,2022-01-13,0x1f9840a85d5af5bf1d1762f925bdaddc4201f984,UNI,15.966301,0.00726873215079962,0.035219075594457
119,2022-01-14,0x1f9840a85d5af5bf1d1762f925bdaddc4201f984,UNI,15.707165,-0.016363335931433968,0.03524783759586128
118,2022-01-15,0x1f9840a85d5af5bf1d1762f925bdaddc4201f984,UNI,16.453625,0.046428840000119556,0.026387861553123972
117,2022-01-16,0x1f9840a85d5af5bf1d1762f925bdaddc4201f984,UNI,17.850012,0.08145836281805069,0.036921794528922094
116,2022-01-17,0x1f9840a85d5af5bf1d1762f925bdaddc4201f984,UNI,17.006878,-0.04838633002657026,0.03912020517202638
115,2022-01-18,0x1f9840a85d5af5bf1d1762f925bdaddc4201f984,UNI,15.9832735,-0.062075081296223335,0.046940642452673056
114,2022-01-19,0x1f9840a85d5af5bf1d1762f925bdaddc4201f984,UNI,15.528184,-0.028886073812951028,0.047928958705240284
113,2022-01-20,0x1f9840a85d5af5bf1d1762f925bdaddc4201f984,UNI,14.87787,-0.042781821361175906,0.04957813719305221
112,2022-01-21,0x1f9840a85d5af5bf1d1762f925bdaddc4201f984,UNI,14.213088,-0.04571164374489116,0.05114775284728583
111,2022-01-22,0x1f9840a85d5af5bf1d1762f925bdaddc4201f984,UNI,11.703992,-0.1942332500619277,0.07438956601238184
110,2022-01-23,0x1f9840a85d5af5bf1d1762f925bdaddc4201f984,UNI,11.14481,-0.04895606150166595,0.05261233421130248
109,2022-01-24,0x1f9840a85d5af5bf1d1762f925bdaddc4201f984,UNI,10.60946,-0.04922786273996165,0.052569946344892156
108,2022-01-25,0x1f9840a85d5af5bf1d1762f925bdaddc4201f984,UNI,10.547521,-0.00585519994146159,0.05688865149211175
107,2022-01-26,0x1f9840a85d5af5bf1d1762f925bdaddc4201f984,UNI,10.72642,0.016819000974750607,0.06237228243435293
106,2022-01-27,0x1f9840a85d5af5bf1d1762f925bdaddc4201f984,UNI,10.207951,-0.04954293054807829,0.0622611499321793
105,2022-01-28,0x1f9840a85d5af5bf1d1762f925bdaddc4201f984,UNI,10.445343,0.022989306713971733,0.06792242471669278
104,2022-01-29,0x1f9840a85d5af5bf1d1762f925bdaddc4201f984,UNI,11.040462,0.05541065465129529,0.03910422740261106
103,2022-01-30,0x1f9840a85d5af5bf1d1762f925bdaddc4201f984,UNI,10.876673,-0.014946483576250644,0.035722272312258836
102,2022-01-31,0x1f9840a85d5af5bf1d1762f925bdaddc4201f984,UNI,11.661966,0.06971237312062945,0.038126917347349534
101,2022-02-01,0x1f9840a85d5af5bf1d1762f925bdaddc4201f984,UNI,11.063125,-0.05271527143053541,0.04451795317201317
100,2022-02-02,0x1f9840a85d5af5bf1d1762f925bdaddc4201f984,UNI,11.058852,-0.0003863126747795256,0.044372664371272096
99,2022-02-03,0x1f9840a85d5af5bf1d1762f925bdaddc4201f984,UNI,10.334745,-0.06771967384893483,0.04784692057796407
98,2022-02-04,0x1f9840a85d5af5bf1d1762f925bdaddc4201f984,UNI,10.0173645,-0.031191482281812937,0.048168493961036
97,2022-02-05,0x1f9840a85d5af5bf1d1762f925bdaddc4201f984,UNI,11.3282,0.12297515505498505,0.06375113366744706
96,2022-02-06,0x1f9840a85d5af5bf1d1762f925bdaddc4201f984,UNI,11.300807,-0.002421053065239078,0.06337803512041026
95,2022-02-07,0x1f9840a85d5af5bf1d1762f925bdaddc4201f984,UNI,12.080045,0.06668077856779103,0.06294641701942118
94,2022-02-08,0x1f9840a85d5af5bf1d1762f925bdaddc4201f984,UNI,11.881419,-0.016579166419269847,0.05937956457652008
93,2022-02-09,0x1f9840a85d5af5bf1d1762f925bdaddc4201f984,UNI,12.301393,0.034736756752341204,0.05975628765223536
92,2022-02-10,0x1f9840a85d5af5bf1d1762f925bdaddc4201f984,UNI,11.77105,-0.044069380849576956,0.05548800376982769
91,2022-02-11,0x1f9840a85d5af5bf1d1762f925bdaddc4201f984,UNI,10.925795,-0.0745166199359418,0.06264975661625773
90,2022-02-12,0x1f9840a85d5af5bf1d1762f925bdaddc4201f984,UNI,10.675015,-0.023220542946920122,0.043856683347832666
89,2022-02-13,0x1f9840a85d5af5bf1d1762f925bdaddc4201f984,UNI,10.403539,-0.025759927542047513,0.04415514232431796
88,2022-02-14,0x1f9840a85d5af5bf1d1762f925bdaddc4201f984,UNI,10.514642,0.010622725251091182,0.03282050983662806
87,2022-02-15,0x1f9840a85d5af5bf1d1762f925bdaddc4201f984,UNI,10.965612,0.04199543229082983,0.03939103896540575
86,2022-02-16,0x1f9840a85d5af5bf1d1762f925bdaddc4201f984,UNI,11.472984,0.045230859971658696,0.041275266367315766
85,2022-02-17,0x1f9840a85d5af5bf1d1762f925bdaddc4201f984,UNI,11.270065,-0.017844958678003748,0.03914440512718707
84,2022-02-18,0x1f9840a85d5af5bf1d1762f925bdaddc4201f984,UNI,10.318007,-0.08825947431117442,0.04270369970423365
83,2022-02-19,0x1f9840a85d5af5bf1d1762f925bdaddc4201f984,UNI,10.0071535,-0.030590433995089702,0.043150141280203745
82,2022-02-20,0x1f9840a85d5af5bf1d1762f925bdaddc4201f984,UNI,9.834765,-0.017376629952850664,0.04278955455560604
81,2022-02-21,0x1f9840a85d5af5bf1d1762f925bdaddc4201f984,UNI,8.9487295,-0.09441199039744601,0.051205649536370745
80,2022-02-22,0x1f9840a85d5af5bf1d1762f925bdaddc4201f984,UNI,8.604957,-0.03917313434658833,0.04382455013877172
79,2022-02-23,0x1f9840a85d5af5bf1d1762f925bdaddc4201f984,UNI,9.047963,0.05020121694765009,0.0451334686612581
78,2022-02-24,0x1f9840a85d5af5bf1d1762f925bdaddc4201f984,UNI,8.577315,-0.053418722042041344,0.045039763267007246
77,2022-02-25,0x1f9840a85d5af5bf1d1762f925bdaddc4201f984,UNI,9.041856,0.05274353560352546,0.049787194867449015
76,2022-02-26,0x1f9840a85d5af5bf1d1762f925bdaddc4201f984,UNI,9.05805,0.0017894020356839966,0.04998632097481133
75,2022-02-27,0x1f9840a85d5af5bf1d1762f925bdaddc4201f984,UNI,9.995365,0.09846762044359443,0.06354453261463498
74,2022-02-28,0x1f9840a85d5af5bf1d1762f925bdaddc4201f984,UNI,9.193077,-0.08367078475996396,0.06127961401895591
73,2022-03-01,0x1f9840a85d5af5bf1d1762f925bdaddc4201f984,UNI,10.078436,0.09194739108994923,0.06518196547996576
72,2022-03-02,0x1f9840a85d5af5bf1d1762f925bdaddc4201f984,UNI,10.1439,0.00647444772741257,0.06432520735244875
71,2022-03-03,0x1f9840a85d5af5bf1d1762f925bdaddc4201f984,UNI,9.921168,-0.022201883300887664,0.06029040524087719
70,2022-03-04,0x1f9840a85d5af5bf1d1762f925bdaddc4201f984,UNI,9.567919,-0.03625492484784965,0.06158222743295468
69,2022-03-05,0x1f9840a85d5af5bf1d1762f925bdaddc4201f984,UNI,8.945509,-0.067264112813695,0.06708458234398572
68,2022-03-06,0x1f9840a85d5af5bf1d1762f925bdaddc4201f984,UNI,8.735562,-0.02374933825669077,0.053184482871072566
67,2022-03-07,0x1f9840a85d5af5bf1d1762f925bdaddc4201f984,UNI,8.428626,-0.035768510977275,0.04719976207275826
66,2022-03-08,0x1f9840a85d5af5bf1d1762f925bdaddc4201f984,UNI,8.678775,0.029246620274644478,0.028979933323330462
65,2022-03-09,0x1f9840a85d5af5bf1d1762f925bdaddc4201f984,UNI,8.471281,-0.024198652782543108,0.026666650573585523
64,2022-03-10,0x1f9840a85d5af5bf1d1762f925bdaddc4201f984,UNI,9.23105,0.08589106462677985,0.047446099736052086
63,2022-03-11,0x1f9840a85d5af5bf1d1762f925bdaddc4201f984,UNI,8.701194,-0.05911254390148666,0.049845917315168874
62,2022-03-12,0x1f9840a85d5af5bf1d1762f925bdaddc4201f984,UNI,8.4526005,-0.028986112120512154,0.0455713168356027
61,2022-03-13,0x1f9840a85d5af5bf1d1762f925bdaddc4201f984,UNI,8.405921,-0.005537807012849318,0.04512107565298783
60,2022-03-14,0x1f9840a85d5af5bf1d1762f925bdaddc4201f984,UNI,8.103847,-0.03659745128723587,0.04520138888437573
59,2022-03-15,0x1f9840a85d5af5bf1d1762f925bdaddc4201f984,UNI,8.78995,0.08127013619625402,0.05378404922993907
58,2022-03-16,0x1f9840a85d5af5bf1d1762f925bdaddc4201f984,UNI,8.689192,-0.01152906888170075,0.05308672817624775
57,2022-03-17,0x1f9840a85d5af5bf1d1762f925bdaddc4201f984,UNI,9.248684,0.06240131661562105,0.04830806905281402
56,2022-03-18,0x1f9840a85d5af5bf1d1762f925bdaddc4201f984,UNI,9.468116,0.023448672239517927,0.04204156188813324
55,2022-03-19,0x1f9840a85d5af5bf1d1762f925bdaddc4201f984,UNI,9.618004,0.015706815370056568,0.03857271585094992
54,2022-03-20,0x1f9840a85d5af5bf1d1762f925bdaddc4201f984,UNI,9.575198,-0.004460545038183125,0.03847873137666655
53,2022-03-21,0x1f9840a85d5af5bf1d1762f925bdaddc4201f984,UNI,9.350657,-0.023729605492442053,0.036026825630548064
52,2022-03-22,0x1f9840a85d5af5bf1d1762f925bdaddc4201f984,UNI,9.459001,0.01152016673881057,0.02610508223867654
51,2022-03-23,0x1f9840a85d5af5bf1d1762f925bdaddc4201f984,UNI,9.8754015,0.04308019323806189,0.026518756966549234
50,2022-03-24,0x1f9840a85d5af5bf1d1762f925bdaddc4201f984,UNI,10.407345,0.05246483868164641,0.02429150064709589
49,2022-03-25,0x1f9840a85d5af5bf1d1762f925bdaddc4201f984,UNI,10.494576,0.008346745395763064,0.024281292673419854
48,2022-03-26,0x1f9840a85d5af5bf1d1762f925bdaddc4201f984,UNI,10.527467,0.0031291941357607296,0.024603836488038166
47,2022-03-27,0x1f9840a85d5af5bf1d1762f925bdaddc4201f984,UNI,10.766283,0.022431559848967927,0.02367397471187483
46,2022-03-28,0x1f9840a85d5af5bf1d1762f925bdaddc4201f984,UNI,10.938344,0.01585510817024968,0.01716154383402064
45,2022-03-29,0x1f9840a85d5af5bf1d1762f925bdaddc4201f984,UNI,11.116638,0.016168490558655425,0.01681397129187979
44,2022-03-30,0x1f9840a85d5af5bf1d1762f925bdaddc4201f984,UNI,11.84156,0.0631724725539037,0.02114296953191206
43,2022-03-31,0x1f9840a85d5af5bf1d1762f925bdaddc4201f984,UNI,11.667008,-0.014850347997277965,0.022174326033734183
42,2022-04-01,0x1f9840a85d5af5bf1d1762f925bdaddc4201f984,UNI,11.379826,-0.02492289093731261,0.026514982283604438
41,2022-04-02,0x1f9840a85d5af5bf1d1762f925bdaddc4201f984,UNI,11.8747835,0.0425749795766938,0.02825688894480163
40,2022-04-03,0x1f9840a85d5af5bf1d1762f925bdaddc4201f984,UNI,11.686538,-0.01597953710884973,0.03036027484812772
39,2022-04-04,0x1f9840a85d5af5bf1d1762f925bdaddc4201f984,UNI,11.449834,-0.02046234898815019,0.03225386030375751
38,2022-04-05,0x1f9840a85d5af5bf1d1762f925bdaddc4201f984,UNI,11.354943,-0.008322076348697275,0.032346596134383995
37,2022-04-06,0x1f9840a85d5af5bf1d1762f925bdaddc4201f984,UNI,10.565063,-0.07210054159396193,0.031024171025302243
36,2022-04-07,0x1f9840a85d5af5bf1d1762f925bdaddc4201f984,UNI,10.43596,-0.012295079754927966,0.0310540364376356
35,2022-04-08,0x1f9840a85d5af5bf1d1762f925bdaddc4201f984,UNI,10.006309,-0.04204174032066535,0.03231446027377565
34,2022-04-09,0x1f9840a85d5af5bf1d1762f925bdaddc4201f984,UNI,9.9399605,-0.006652747242779295,0.021993073922122294
33,2022-04-10,0x1f9840a85d5af5bf1d1762f925bdaddc4201f984,UNI,10.066141,0.012614368988703805,0.025706737139292724
32,2022-04-11,0x1f9840a85d5af5bf1d1762f925bdaddc4201f984,UNI,9.609086,-0.04646830660839014,0.027152454708290166
31,2022-04-12,0x1f9840a85d5af5bf1d1762f925bdaddc4201f984,UNI,9.173862,-0.04635075564744716,0.027068704872711923
30,2022-04-13,0x1f9840a85d5af5bf1d1762f925bdaddc4201f984,UNI,9.448736,0.02952262239528611,0.028081086014585185
29,2022-04-14,0x1f9840a85d5af5bf1d1762f925bdaddc4201f984,UNI,9.782931,0.03475815645352643,0.033299066075845554
28,2022-04-15,0x1f9840a85d5af5bf1d1762f925bdaddc4201f984,UNI,9.633426,-0.015400206618034047,0.030756936057912167
27,2022-04-16,0x1f9840a85d5af5bf1d1762f925bdaddc4201f984,UNI,9.705473,0.007451027416192931,0.031070885361068352
26,2022-04-17,0x1f9840a85d5af5bf1d1762f925bdaddc4201f984,UNI,9.407949,-0.03113498297415593,0.0316142500193475
25,2022-04-18,0x1f9840a85d5af5bf1d1762f925bdaddc4201f984,UNI,9.136421,-0.02928623693519587,0.029238918751512678
24,2022-04-19,0x1f9840a85d5af5bf1d1762f925bdaddc4201f984,UNI,9.392122,0.027602519491894413,0.02640992583285387
23,2022-04-20,0x1f9840a85d5af5bf1d1762f925bdaddc4201f984,UNI,9.327118,-0.006945181673161508,0.024242947226361253
22,2022-04-21,0x1f9840a85d5af5bf1d1762f925bdaddc4201f984,UNI,9.045293,-0.030681559196532766,0.02067879595305543
21,2022-04-22,0x1f9840a85d5af5bf1d1762f925bdaddc4201f984,UNI,9.082447,0.004099137788236128,0.021231251727156165
20,2022-04-23,0x1f9840a85d5af5bf1d1762f925bdaddc4201f984,UNI,9.010095,-0.007998034293612849,0.02024758218333629
19,2022-04-24,0x1f9840a85d5af5bf1d1762f925bdaddc4201f984,UNI,8.735637,-0.03093474946340763,0.02021870113729261
18,2022-04-25,0x1f9840a85d5af5bf1d1762f925bdaddc4201f984,UNI,8.521763,-0.024787621623577723,0.019678564717467272
17,2022-04-26,0x1f9840a85d5af5bf1d1762f925bdaddc4201f984,UNI,8.479991,-0.004913855835359105,0.012955359345593378
16,2022-04-27,0x1f9840a85d5af5bf1d1762f925bdaddc4201f984,UNI,7.9761524,-0.06125324868353318,0.020255766146475236
15,2022-04-28,0x1f9840a85d5af5bf1d1762f925bdaddc4201f984,UNI,8.061437,0.010635688669378945,0.02282565891381624
14,2022-04-29,0x1f9840a85d5af5bf1d1762f925bdaddc4201f984,UNI,7.8458195,-0.027110986298652037,0.021378518756155915
13,2022-04-30,0x1f9840a85d5af5bf1d1762f925bdaddc4201f984,UNI,6.93043,-0.12405898183078991,0.04096725753157585
12,2022-05-01,0x1f9840a85d5af5bf1d1762f925bdaddc4201f984,UNI,6.985467,0.007909987687058029,0.04399800726703757
11,2022-05-02,0x1f9840a85d5af5bf1d1762f925bdaddc4201f984,UNI,6.946027,-0.005662006582345105,0.044941053402349655
10,2022-05-03,0x1f9840a85d5af5bf1d1762f925bdaddc4201f984,UNI,6.981186,0.005048974937029746,0.0458367222570637
9,2022-05-04,0x1f9840a85d5af5bf1d1762f925bdaddc4201f984,UNI,7.4372907,0.06328781291866713,0.05300300461291622
8,2022-05-05,0x1f9840a85d5af5bf1d1762f925bdaddc4201f984,UNI,7.9302773,0.0641813742102153,0.05895750309730779
7,2022-05-06,0x1f9840a85d5af5bf1d1762f925bdaddc4201f984,UNI,7.7464156,-0.02345777035767971,0.058751762236603486
6,2022-05-07,0x1f9840a85d5af5bf1d1762f925bdaddc4201f984,UNI,7.2947893,-0.060069934390645806,0.041452769165128196
5,2022-05-08,0x1f9840a85d5af5bf1d1762f925bdaddc4201f984,UNI,7.4639916,0.022930039381283178,0.041814945371967685
4,2022-05-09,0x1f9840a85d5af5bf1d1762f925bdaddc4201f984,UNI,6.8345046,-0.0881063504763163,0.054195205290333254
3,2022-05-10,0x1f9840a85d5af5bf1d1762f925bdaddc4201f984,UNI,5.939801,-0.14030835653630588,0.07223986039579222
2,2022-05-11,0x1f9840a85d5af5bf1d1762f925bdaddc4201f984,UNI,5.2299,-0.12728347369471582,0.07044943495048944
1,2022-05-12,0x1f9840a85d5af5bf1d1762f925bdaddc4201f984,UNI,4.621089,-0.12376176583202801,0.05604289167907904
0,2022-05-13,0x1f9840a85d5af5bf1d1762f925bdaddc4201f984,UNI,4.7195296,0.021078742010911724,0.06377237396781389
